owner_id,owner_username,shortcode,is_video,caption,comments,likes,created_at,location,imageUrl,multiple_images,username,followers,following
36063641,christendominique,C3_GS1ASeWI,False,"I‚Äôm a brunch & Iced Coffee girlie‚òïÔ∏èüç≥ 

Top @ta3 X @nazaninkavari 

hbu?",268,16382,1709326758.0,,https://instagram.flba2-1.fna.fbcdn.net/v/t39.30808-6/430974774_18418670632031642_5697489775672449864_n.jpg?stp=dst-jpg_e35_p1080x1080_sh0.08&_nc_ht=instagram.flba2-1.fna.fbcdn.net&_nc_cat=102&_nc_ohc=nYbyc3bq0TUAX8IOwlm&edm=AOQ1c0wAAAAA&ccb=7-5&oh=00_AfARXlvLAt1ALtcbKPME-_PopUpz0RCCr5Ga0_Ag3H7mvw&oe=65E871E6&_nc_sid=8b3546,True,christendominique,2144626.0,1021.0
344130218,christianziegler,C0np-4-IWEu,False,"We invite you to join me and authors Rachel Page, Dina Dechmann, Teague O‚ÄôMara and Marco Tschapka, for a public webinar on Wed Dec 13 at 10am Panam√° time. Together, the five of us will discuss our newly published book, BAT ISLAND, taking you on a photographic journey to the rainforests of Barro Colorado Island, Panam√°, to meet the 76 species of bats that occupy this small space, and learn about their stunning natural history, physiology, evolution, sensory adaptations, foraging behavior, and social systems.
 
Join us on zoom at http://www.stri.si.edu/batisland",1,160,1702097712.0,,https://instagram.flba2-1.fna.fbcdn.net/v/t39.30808-6/408819371_18400924300002219_5662068570603544995_n.jpg?stp=dst-jpg_e35_p1080x1080_sh0.08&_nc_ht=instagram.flba2-1.fna.fbcdn.net&_nc_cat=103&_nc_ohc=0gbIlQ4ntxQAX93RYmK&edm=AOQ1c0wAAAAA&ccb=7-5&oh=00_AfCn-j8bQz3nLr7Bpl7bpAeFP8F8BE7dHtDsMeSct3tDXg&oe=65E8AA05&_nc_sid=8b3546,False,christianziegler,127459.0,669.0
46755025637,mangrovephotographyawards,CuU74i5Krh-,False,"üëÄ Photography is a powerful medium for connecting people to a beautiful world they otherwise may not be able to see. And we can‚Äôt protect what we don‚Äôt know about.
 
Tropical ecologist turned photojournalist and former Awards judge @christianziegler has seen with his own eyes how important Belize‚Äôs mangroves are for people and wildlife. Today, he gives people a glimpse of the forest‚Äôs incredible three life zones and the unique species that rely on each. 

üëâ Journey over the canopy, through the roots, and below the water. Link in bio.

Image credit: Christian Ziegler

#mangrove #mangroveforests #generationrestoration #photojournalist #conservation #treecanopy #mangroveroots #wildlife #marinelife #underwater #explorebelize",1,292,1688584661.0,,https://instagram.flba2-1.fna.fbcdn.net/v/t51.2885-15/357756681_998609204488489_211088206779482092_n.webp?stp=dst-jpg_e35_s1080x1080&_nc_ht=instagram.flba2-1.fna.fbcdn.net&_nc_cat=101&_nc_ohc=ERMlwHbXY7UAX949f0H&edm=AOQ1c0wBAAAA&ccb=7-5&oh=00_AfDFTV08w0vsByg6QWoDWotNl9FAQMfc2FdxUUO1-UVU8g&oe=65E85708&_nc_sid=8b3546,True,,,
40506412,christinehmcconnell,C3Ijw9rAkK4,True,"Handmade gift ideas for that someone special in your basement‚Ä¶ü§´üêëüêëüêë

The full 2020 Valentine‚Äôs Day episode is available on Patreon üéâ‚ô•Ô∏èüéâ",620,36447,1707496870.0,,https://instagram.ffor43-1.fna.fbcdn.net/v/t51.2885-15/426373765_1447515596167774_7633290796409157110_n.jpg?stp=dst-jpg_e35_p1080x1080_sh0.08&_nc_ht=instagram.ffor43-1.fna.fbcdn.net&_nc_cat=110&_nc_ohc=WdpTOjLAlxsAX9x5n9K&edm=AOQ1c0wBAAAA&ccb=7-5&oh=00_AfBXaBhiArJJX--1ZP3y_TjI4sXNRjbWhM2ONmMGb3aaYw&oe=65E57129&_nc_sid=8b3546,False,christinehmcconnell,597189.0,1576.0
234714607,christopherandersonphoto,CuT5PN8tc-J,False,"After 18 years as a member of Magnum Photos, I have decided to leave the cooperative. I‚Äôm grateful to my Magnum colleagues for years of inspiration, and I continue to root for the success of Magnum. 
Today I am extremely thrilled (over the moon) to announce that I am joining We Folk as my new photographic home, where I am lucky to be in the presence of a new set of incredible visual artists. I can hardly contain my excitement for this new adventure
@wefolkagency",254,15159,1688549719.0,,https://instagram.fgyn2-1.fna.fbcdn.net/v/t51.2885-15/358001619_241274745387140_8404344863124573628_n.jpg?stp=dst-jpg_e15&_nc_ht=instagram.fgyn2-1.fna.fbcdn.net&_nc_cat=108&_nc_ohc=wkVyCgqmWYcAX-Sl5GP&edm=AOQ1c0wBAAAA&ccb=7-5&oh=00_AfBmOfcl4Tkr8gBZ54vG0CdioaTEpcWCV0a6IssF7X0FYA&oe=65E53CA1&_nc_sid=8b3546,True,christopherandersonphoto,289844.0,964.0
330497544,images_vevey,C3pcxFHoYRY,False,"Christopher Anderson - Family Trilogy

üìçL‚ÄôAppartement ‚Äì Espace Images Vevey
LES CHAMBRES

Christopher Anderson a commenc√© √† photographier sa famille de mani√®re quasiment organique d√®s la naissance de son fils Atlas en 2008. √Ä la naissance de sa fille Pia il poursuit cette qu√™te d‚Äôun p√®re essayant d‚Äôarr√™¬≠ter le temps, de ne laisser fuir aucun instant de sa nouvelle vie. Marion est omnipr√©sente dans ces albums √† la fois comme femme, m√®re et partenaire. En tant que photographe documentaire, Anderson n‚Äôavait jamais consid√©r√© ces photos personnelles comme une v√©ritable s√©rie, jusqu‚Äô√† ce que le photographe de guerre Tim Hetherington lui dise : ¬´ Il s‚Äôagit du temps qui passe ¬ª. Anderson a commenc√© √† voir ses images personnelles sous un nouveau jour et a fini par penser que ces photo¬≠graphies √©taient l‚Äôoeuvre de sa vie. Pia, Son et Marion ont √©t√© publi√©s en trois livres distincts, formant une trilogie familiale unique, tendre et intime.

- - -

Christopher Anderson naturally began photographing his family after his son Atlas came into the world in 2008. When his daughter Pia was born, he continued the fatherly attempt to stop time and not let a single moment of this new life slip away. Marion features throughout these albums, as a woman, mother, and partner. As a documentary photographer, Christopher Anderson had never considered these personal photos as a ‚Äòseries‚Äô, but his opinion changed when war photographer Tim Hetherington pointed out that ‚ÄúThey‚Äôre all about the passage of time.‚Äù Christopher Anderson began seeing his family pictures in a new light and realised that they may well be his best work. Pia, Son and Marion were published as three separate books, forming a unique and moving intimate family trilogy.

@christopherandersonphoto

Canada (1970)
Family Trilogy, 2020

Pia, 2020
Son, 2021
Marion, 2022
published by @stanleybarkerbooks

üìçGare CFF de Vevey / Vevey Train Station
Jusqu‚Äôau 14 avril / Until April 14th
Mer-dim, 14h-18h / Wed-Sun, 2-6 pm
‚ú®Entr√©e libre / Free admission

Don‚Äôt miss Echo in the toilet üêï üëÄ

Vues d‚Äôinstallation / Installation views üì∏ @margauxcorda

#lappartementimages
#imagesvevey
#photography",11,1977,1708600343.0,,https://instagram.fgyn2-1.fna.fbcdn.net/v/t39.30808-6/424949502_18416501452001545_5317511270156278496_n.jpg?stp=dst-jpg_e35_p1080x1080_sh0.08&_nc_ht=instagram.fgyn2-1.fna.fbcdn.net&_nc_cat=101&_nc_ohc=uCdjIKXqlJUAX-HIhdB&edm=AOQ1c0wAAAAA&ccb=7-5&oh=00_AfCzIgPSIx5syAyq7jrMWUze5N7WqKD2I4lA3QHxatD7Ew&oe=65E95306&_nc_sid=8b3546,True,,,
2764639,chuck,CACE7g_gbBQ,False,let light in,102,3458,1589167622.0,,https://instagram.flba2-1.fna.fbcdn.net/v/t51.2885-15/96911449_2900466283574578_353730457654507486_n.jpg?stp=dst-jpg_e35_p1080x1080&_nc_ht=instagram.flba2-1.fna.fbcdn.net&_nc_cat=110&_nc_ohc=ouMNkNZ8AJwAX9LPtAd&edm=AOQ1c0wBAAAA&ccb=7-5&oh=00_AfBNYJUSE5VFCnr_cHuNywdjuAKb0iDFraAxWfD1we2JFw&oe=65E9941A&_nc_sid=8b3546,True,chuck,169331.0,672.0
35843209,cintascotch,C1ABSmGMu1d,True,"Check out my 2023 reel! üé•

I invite you also to visit my updated portfolio with all my animations, personal illustrations and commercials from this year. I hope you like it! üôå

#stopmotions #stopmotionslovers #stopmotionvideo #stopmotionanimation #roughanimator #aftereffects",25,297,1702915298.0,"{'id': '220705331', 'has_public_page': True, 'name': 'Guayaquil, Ecuador', 'slug': 'guayaquil-ecuador'}",https://instagram.fkiv2-1.fna.fbcdn.net/v/t51.2885-15/412156946_659786659655518_282390393284804122_n.jpg?stp=dst-jpg_e15_fr_p1080x1080&_nc_ht=instagram.fkiv2-1.fna.fbcdn.net&_nc_cat=110&_nc_ohc=Vp7-rlYUaxcAX-4iBuJ&edm=AOQ1c0wBAAAA&ccb=7-5&oh=00_AfD6hnEaMWKmmLhOFpevdVSrBvlleBjp6YFDyUX8e1s4EA&oe=65E56498&_nc_sid=8b3546,False,cintascotch,157251.0,529.0
29276642,ciriljazbec,Ctg_1dGIYil,True,"My new website is live! Thanks for great work and art direction to @emilkozole and @ljudje . The website features selected projects both personal and commissioned. Follow link in my profile to check it out. üôè
@lairdandgoodcompany",29,806,1686842115.0,,https://instagram.fbey15-1.fna.fbcdn.net/v/t51.2885-15/353773210_588965926700505_4534244670623325780_n.jpg?stp=dst-jpg_e15&_nc_ht=instagram.fbey15-1.fna.fbcdn.net&_nc_cat=109&_nc_ohc=83l09nnQeBEAX_sAw2W&edm=AOQ1c0wBAAAA&ccb=7-5&oh=00_AfBccHyMtjrDpN2fftxWWyDDOH7AGEDicrGGjZnWlNZZCA&oe=65E57E1C&_nc_sid=8b3546,False,ciriljazbec,203651.0,1960.0
1656681,civilking,C2xaywPIzKy,False,"Radisson Blu Hotel & Spa, ƒ∞stanbul Tuzla‚Äôda √ßok keyifli bir hafta sonu ge√ßirdik. ‚ú®
Otelin hem Sabiha G√∂k√ßen Havaalanƒ±na yakƒ±nlƒ±ƒüƒ± hem de ≈üehirdeki en b√ºy√ºk Spa‚Äôlardan birine sahip olmasƒ±, seyahat √∂ncesi veya sonrasƒ± i√ßin √ßok iyi bir tercih.
@radissonhotels @radissonblutuzla
@radissonblu
#i≈übirliƒüi",76,13337,1706720260.0,"{'id': '220944720', 'has_public_page': True, 'name': 'Radisson Blu Hotel & Spa, Istanbul Tuzla', 'slug': 'radisson-blu-hotel-spa-istanbul-tuzla'}",https://scontent-lhr6-1.cdninstagram.com/v/t51.2885-15/424631381_1835504113556446_495064670823066927_n.jpg?stp=dst-jpg_e35_p1080x1080&_nc_ht=scontent-lhr6-1.cdninstagram.com&_nc_cat=110&_nc_ohc=osYllHhh12cAX-0WcvG&edm=AOQ1c0wBAAAA&ccb=7-5&oh=00_AfAfEfaHepStDtpGSCPszY-eXlbrCSWLRcqFofBaV0LMFA&oe=65E831FF&_nc_sid=8b3546,True,civilking,1101085.0,357.0
2053590,claireonline,CZZzPLZlDem,True,"This is ‚ÄòGoat‚Äô, one of the seven animated artworks from my Sand Creatures I series, available on @superrare.co. The series focuses on nature in an unexpected way as they come to life, blown away by the fresh sea breeze off the Dutch coast‚Ä¶ (more info in link in bio)

#nftphotography #superrare #sandcreatures",85,4132,1643650831.0,"{'id': '244377310', 'has_public_page': True, 'name': 'Netherlands', 'slug': 'netherlands'}",https://instagram.flba2-1.fna.fbcdn.net/v/t51.2885-15/273118505_316493310429926_8752058458417799941_n.jpg?stp=dst-jpg_e35&_nc_ht=instagram.flba2-1.fna.fbcdn.net&_nc_cat=102&_nc_ohc=3D9gwvtIyrEAX8lQFr7&edm=AOQ1c0wBAAAA&ccb=7-5&oh=00_AfAJOlQBvA71Xim9fw0h-OYLFjhXRXuEwI79dGkPJilHZg&oe=65E577B7&_nc_sid=8b3546,False,claireonline,334921.0,994.0
352125728,kameraexpress,Cy-cUTDoBu5,True,@claireonline laat zich graag betoveren door de stilte en neemt je mee naar √©√©n van haar fotografiesessies in de vroege ochtend. Wat vind jij van het eindresultaat? üì∑ #DagvandeStilte #kameraexpress,23,800,1698567438.0,,https://instagram.flba2-1.fna.fbcdn.net/v/t51.2885-15/396487672_1053784122409632_3684936096098765131_n.jpg?stp=dst-jpg_e15&_nc_ht=instagram.flba2-1.fna.fbcdn.net&_nc_cat=100&_nc_ohc=OTJ-WHumZTMAX8tYCQ5&edm=AOQ1c0wBAAAA&ccb=7-5&oh=00_AfDtPj4hj9aqs8UZi2jwYBiJlBUpK_8S6UQmU2abby4T4w&oe=65E57517&_nc_sid=8b3546,False,,,
5465658,clarecrawley,C2LAOAhv_xQ,True,"Welcome to the world Rowen Lily Dawkins ü§ç 
1/15/24 ‚Ä¢ 6lbs10oz
I prayed for you my entire life and to finally hold you in our arms is nothing short of a miracle and a dream come true!",8855,229289,1705431860.0,,https://instagram.flba2-1.fna.fbcdn.net/v/t51.2885-15/419774165_2804321353048570_87863058420303651_n.jpg?stp=dst-jpg_e35_p1080x1080_sh0.08&_nc_ht=instagram.flba2-1.fna.fbcdn.net&_nc_cat=110&_nc_ohc=FUQ-0S-TWcIAX983Cmn&edm=AOQ1c0wBAAAA&ccb=7-5&oh=00_AfAib2PdCXgQafffwCr_jeLIiABz-UNC_vYbWfiOrn4x3g&oe=65E5592D&_nc_sid=8b3546,False,clarecrawley,990453.0,1042.0
641611496,classiccarchasers,C4A7e8NusDq,True,"Take in the sights and sounds of the illustrious BMW M1 Procar as it screams around the track at Spa Francorchamps. 

The BMW M1‚Äôs 3.5-liter straight-six produced roughly 470 horsepower and was known for its unmistakable roar and unparalleled performance during the late 1970‚Äôs. 

This exceptional onboard footage was captured by @robbert_alblas 
-
Follow @Classiccarchasers for daily enthusiast content. 
-
-
-
-
-
-
Credit: @robbert_alblas 
#classicdriver #carculture #classiccarchasers #CCchasers #enthusiast #drivevintage #driven #classycars #drivetastefully #getoutanddrive #cars #classiccar #cargram #automotivedaily #carpassion #carvintage #carsofinstagram #carculture #bmwm1 #m1procar #bmwmotorsport #bmwm #bmwclassic #bmwoutlaw #bmwmotorrad #bmwclub",3,523,1709388259.0,,https://instagram.flba2-1.fna.fbcdn.net/v/t51.2885-15/430782915_1379976915991363_4239904391833824083_n.jpg?stp=dst-jpg_e15&_nc_ht=instagram.flba2-1.fna.fbcdn.net&_nc_cat=107&_nc_ohc=7v-x45Db-3cAX85dkbF&edm=AOQ1c0wBAAAA&ccb=7-5&oh=00_AfBnqWkYlUtzTbhufxdat-Tyu15qVNU4QpzWbRiBQec8FQ&oe=65E59DB8&_nc_sid=8b3546,False,classiccarchasers,217959.0,751.0
30591774,colbybrownphotography,C3styN9Oa_2,False,"While some believe that the Jaguar is the most ferocious animal in the Amazon, I personally feel that the prize goes to the Giant River Otters that call the rivers down there home. Not only are they pack hunters, but they don't seem to take crap from anyone, including Jaguars. Sometime soon I will share a video of a Jaguar hiding in a tree to get away from 6 Giant River Otters hassling it from the water below. What a sight!

Sony a1 w/ 600mm f/4 GM
@sonyalpha #sonyambassador",62,1421,1708709928.0,"{'id': '567041712', 'has_public_page': True, 'name': 'Brazil', 'slug': 'brazil'}",https://instagram.flba2-1.fna.fbcdn.net/v/t51.2885-15/429449884_324414760095635_8484856595723235633_n.webp?stp=dst-jpg_e35_p1080x1080&_nc_ht=instagram.flba2-1.fna.fbcdn.net&_nc_cat=111&_nc_ohc=7aEN_nK2kUsAX-EESvU&edm=AOQ1c0wBAAAA&ccb=7-5&oh=00_AfCLG7_2dnE9ceAVdmRTuMvihwL8m4XWt5hDVO1YlqazLg&oe=65E8D996&_nc_sid=8b3546,False,colbybrownphotography,264885.0,5911.0
75,colerise,CkuBd6AOx3O,False,"handheld off the back porch, embracing the crunchy 20,000 ISO before prioritizing coffee.",79,9577,1667951613.0,,https://instagram.fkiv2-1.fna.fbcdn.net/v/t51.2885-15/314726067_555338343095036_3702420481504841886_n.jpg?stp=dst-jpg_e35_p1080x1080&_nc_ht=instagram.fkiv2-1.fna.fbcdn.net&_nc_cat=108&_nc_ohc=hSjdo4KhNnAAX9v0f2A&edm=AOQ1c0wBAAAA&ccb=7-5&oh=00_AfAyTNHF6fLiWr9-hGtqyZUghhThX4ZnbTxZfb7isaOKJw&oe=65E95FB8&_nc_sid=8b3546,False,colerise,786646.0,1984.0
14533116,collagevintage,C3lP0UavQOH,True,"My top 5 lipstick for this season from @yslbeauty üíÑ:
1. The Bold High N12 ‚ÄúNu Incongru‚Äù
2. The Bold High N16 ‚ÄúRosewood Encounter‚Äù
3. Rouge Volupt√© Candy Glaze shade N13 ‚ÄúFlashing Ros√©‚Äù
4. Rouge Volupt√© Candy Glaze shade N15 ‚ÄúShowcasing Nude‚Äù
5. Rouge Volupt√© Candy Glaze shade N14 ‚ÄúScenic Brown‚Äù #yslbeauty #lipgloss #beautyinspo",22,716,1708460981.0,,https://instagram.fkiv2-1.fna.fbcdn.net/v/t51.2885-15/428901952_413960391240540_5073278171674394761_n.jpg?stp=dst-jpg_e15&_nc_ht=instagram.fkiv2-1.fna.fbcdn.net&_nc_cat=100&_nc_ohc=sR0eXG3ubZUAX_qdOou&edm=AOQ1c0wBAAAA&ccb=7-5&oh=00_AfAjc7R3chGxxq6nPdL4k1njEWpEfk6QRYXA9lVFIaE_kA&oe=65E530AB&_nc_sid=8b3546,False,collagevintage,996046.0,1163.0
1517115414,college_housewife,Cq896TQA7Z7,True,"LEMON DROP SHOTS üçã Secret time, I love making a round of shots at home before a dinner out ü§£ there‚Äôs something about that streamline pour from the shaker that turns my kitchen into the Coyote Ugly Bar ü§∑üèª‚Äç‚ôÄÔ∏è‚ú® 

LEMON DROP SHOT RECIPE link in my profile! üçãüíõ‚ú® 

#lemondrop #lemondropshots #shotsshotsshots #lemoncocktails #vodkacocktail",172,14950,1681338174.0,,https://instagram.flba2-1.fna.fbcdn.net/v/t51.2885-15/425233562_402638958944011_1485015534142608876_n.jpg?stp=dst-jpg_e15&_nc_ht=instagram.flba2-1.fna.fbcdn.net&_nc_cat=107&_nc_ohc=Wiq3Nq_2IDEAX9mBcuJ&edm=AOQ1c0wBAAAA&ccb=7-5&oh=00_AfDaxocN_zfpx9NTUVNC1x-aJC228fS1TNSdnbQkZ-6rSA&oe=65E50E70&_nc_sid=8b3546,False,college_housewife,216468.0,1913.0
12243093,conrad_anker,C4ACQ3roO5j,False,"Climbing brings us together.  Once you challenge yourself with gravity and share this experience with your friends something changes. It's the international language of belaying and spotting. It's the same everywhere. You have to trust someone to achieve your goals. 

@memphisroxclimbing has been a flywheel for the good that climbing brings. Built in the shell of a supermarket with a state of the facility, Rox is bringing gym climbing and outdoor experiences to South Memphis.

With a pay as one can model, the gym is open to everyone. Climbing as I was introduced to it was free. The cliffs were at  end of the road and my dad and his buddies had the gear and knowledge. I still recall the moment when climbing and being outdoors latched on. It's that same emotion that we see with the people we welcome to the crag, mountain and gym. Let's keep that going! 

The freedom that climbing brings comes at a cost. The facility and staff are monthly obligations. In business, as in climbing, the unexpected happens. In this case a burst water pipe needs immediate attention. To keep Rox a safe place (it's a polling station, health care facility and restaurant) the security team needs immediate funding. Going without costs the program more. 

Rox has been a part of my life for the past six years. I've made new friends, shared backcountry experience & knowledge while climbing outdoors and learned from each other on how to address the challenges of race in the United States. 

If you believe in the mission of @memphisroxclimbing please consider a donation. It will be put to good use. If you have the chance to visit Memphis, stop by the gym. You'll find family by the time you have warmed up.

#thankyou",11,1528,1709358199.0,"{'id': '1728783104090806', 'has_public_page': True, 'name': 'Memphis Rox Climbing + Community', 'slug': 'memphis-rox-climbing-community'}",https://instagram.fmar3-1.fna.fbcdn.net/v/t51.2885-15/431136670_916554343311763_2110937629200441926_n.jpg?stp=dst-jpg_e15&_nc_ht=instagram.fmar3-1.fna.fbcdn.net&_nc_cat=107&_nc_ohc=Nf_HV89QExAAX-EnxVj&edm=AOQ1c0wBAAAA&ccb=7-5&oh=00_AfDkyQFbi5MDLB3GsbN1CzzArccVKzWGhRpP5p4SEiW4_Q&oe=65E551EF&_nc_sid=8b3546,True,conrad_anker,458905.0,2496.0
5803476947,phu_srpa,C2aC7LuJJNa,False,"Today‚Äôs an auspicious day . We KCC family feels beyond grateful and happy to welcome  the gift for our 20th anniversary , Guru Ringboche  to KCC . Building This 20 years has been wonderful and let‚Äôs all hope and pray for an even more amazing 20 years in the future. üôèüôèüôè @khumbuclimbingcenter @himalayanquests @conrad_anker @jenniloweanker @everestoutfit",5,766,1705935994.0,"{'id': '880072107', 'has_public_page': True, 'name': 'Khumbu Climbing Center, Phortse, Nepal', 'slug': 'khumbu-climbing-center-phortse-nepal'}",https://instagram.fmar3-1.fna.fbcdn.net/v/t39.30808-6/421634662_18293078356196948_1362382453721119837_n.jpg?stp=dst-jpg_e35_s1080x1080_sh0.08&_nc_ht=instagram.fmar3-1.fna.fbcdn.net&_nc_cat=108&_nc_ohc=7RgG51zBUYsAX_20Irq&edm=AOQ1c0wAAAAA&ccb=7-5&oh=00_AfDhd_YP0colIJ6VQK1Fkctiv2NVD-jnxBz0WiIVWBLjJA&oe=65E7A57B&_nc_sid=8b3546,True,,,
458305551,petzl_official,C2IGHOFNiSK,True,"#PetzlTips - Organize your ice screws with CARITOOL EVO.

Find out how @conrad_anker uses the CARITOOL EVO to manage his gear while climbing.

#Petzl #Petzlgram #AccessTheInaccessible #IceClimbing #Mountaineering",25,3448,1705333751.0,,https://instagram.fmar3-1.fna.fbcdn.net/v/t51.2885-15/418876480_1084470152795984_8842147427572338551_n.jpg?stp=dst-jpg_e15_fr_p1080x1080&_nc_ht=instagram.fmar3-1.fna.fbcdn.net&_nc_cat=108&_nc_ohc=SEoaA2Obr04AX9IWYbD&edm=AOQ1c0wBAAAA&ccb=7-5&oh=00_AfB_9AvZz1xoS2jqUrGYe3cYoV3ocZr160cskLY8pfKaIg&oe=65E595C0&_nc_sid=8b3546,False,,,
14492595,jamesqmartin,C1AbGQFpmvn,True,"We need your help - link in @jamesqmartin bio 

Stand in solidarity with Alaska‚Äôs Indigenous communities, advocate for clean water and connected ecosystems and urge them to select the ‚ÄúNo Action Alternative.‚Äù 

The Ambler industrial road is a 211-mile corridor across the western Brooks Range that would risk loosing North America‚Äôs largest ecologically connected area to endless open pit mining and development. It would cross 1200 rivers and streams, disrupt the migration of the Western Arctic
caribou herd, slice through Gates of the Arctic National Preserve and dismantle the subsistence livelihood of at least 66 communities. 

Seventy-four tribes and First Nations on the Yukon River watershed, 37 tribal governments in the Tanana Chiefs Conference, 23 Yupik tribes, 10 Inupiaq tribal governments, and five Athabascan tribes
closest to the road corridor all have standing resolutions in opposition to this disastrous development project.

The Biden Administration and the Bureau of Land Management have the authority to revoke permits and end it‚Äôs trajectory forward. 

Please submit your comment now before the public comment period is closed on Dec. 22, and tell the Bureau of Land Management NO to the Ambler industrial road.
@noamblerroad @defendbrooksrange  #noamble",5,530,1702931339.0,,https://instagram.fmar3-1.fna.fbcdn.net/v/t51.2885-15/412241338_1744494459398059_6770617098523205223_n.jpg?stp=dst-jpg_e15&_nc_ht=instagram.fmar3-1.fna.fbcdn.net&_nc_cat=107&_nc_ohc=fPd4zCiW3AEAX-MM4e-&edm=AOQ1c0wBAAAA&ccb=7-5&oh=00_AfAM4_7TXwCrHZo1heCTaY8DU5L9NcK0kCFMI4JORiRxoA&oe=65E549A5&_nc_sid=8b3546,False,,,
3487199554,joshuagarrigues,C07yZH9L7jP,True,"Hyalite craggin‚Äô day!
-
-
-
-
-
#iceclimbing #iceclimbingimages #neverstopexploring #hyaliteprovides #hyalite #climbing #climbinglife #thenorthface",7,1001,1702773561.0,,https://instagram.fmar3-1.fna.fbcdn.net/v/t51.2885-15/410523456_277172614940229_2907280951497443922_n.jpg?stp=dst-jpg_e15&_nc_ht=instagram.fmar3-1.fna.fbcdn.net&_nc_cat=109&_nc_ohc=s2pXwHVcMZkAX8Qvvyl&edm=AOQ1c0wBAAAA&ccb=7-5&oh=00_AfBp6xLzCb1N5zqbo4SEGp5Vcfs1sD88vxFd0pZg5kbI9Q&oe=65E52AA1&_nc_sid=8b3546,False,,,
19028900,coryrichards,C3YGdAtxCJt,False,"Big love to this guy, my dear dear friend Reinaldo Marcus Green for his new film One Love @onelovemovie out in theaters now. I don‚Äôt know how many times I‚Äôve talked about the importance of lighting throughout my career. Too many. Which is it‚Äôs so funny that Rei and I met in Lamps Plus on some random Tuesday (that‚Äôs Rei‚Äôs review on the last slide)

Biopics are notoriously hard films to make, especially when the person depicted is still fresh in our memory. Covering an entire life and weaving it all together is an incredibly difficult task. It‚Äôs arguable that Bob Marley is the most globally recognizable musician in the world. His music is pervasive and I‚Äôve heard it everywhere I‚Äôve traveled, from an international science station in Antarctica to a boat in the Russian Arctic to a tea house in Tibet. Few contemporary artists have such a fingerprint and I believe his message is important now more than ever.

It‚Äôs hard to comprehend the undertaking of Rei, Kingsley Ben-Adir, Lashana Lynch @lashanalynch and everyone else involved in the film. Regardless, under his direction, the roles are transformative and played with incredible skill and care. Well done! Go have some popcorn and let the music you already know be born again.",10,731,1708018219.0,,https://instagram.flba2-1.fna.fbcdn.net/v/t39.30808-6/426532631_18417743176020901_8777387950179431137_n.jpg?stp=dst-jpg_e35_s1080x1080_sh0.08&_nc_ht=instagram.flba2-1.fna.fbcdn.net&_nc_cat=101&_nc_ohc=xomrTT2esHkAX-_1i7E&edm=AOQ1c0wAAAAA&ccb=7-5&oh=00_AfBtwZEUODQjayKNrq5FOmnFMBQrba6kiimCM1uPlvd1vw&oe=65E7FD2D&_nc_sid=8b3546,True,coryrichards,961719.0,442.0
206200385,jetbutterflies,CzP7WhwCZ0s,False,"In these crucial first days after the quake, rescue efforts give way to the critical, and complex, process of providing impacted communities with food, warmth, and shelter.  Rebuilding takes time, but helping provide these basic needs can make a tremendous difference in the long run.

@maggiedoyne and @blinknoworg are on the ground at the epicenter and are focusing their efforts on vulnerable groups like pregnant women,  and the most isolated communities that are typically the last to receive aid. 

Supporting their work is the best way you can help from afar. Donations of every size matter.  Nepal has given us both so much, please help us in our efforts to give a tiny bit of that back when it matters the most.

http://www.blinknow.org/earthquake
üì∑ @rushsturges @coryrichards",5,1525,1699154028.0,"{'id': '1015875274', 'has_public_page': True, 'name': 'Jajarkot', 'slug': 'jajarkot'}",https://instagram.flba2-1.fna.fbcdn.net/v/t51.2885-15/399054637_1513038459455812_1656401674155010571_n.jpg?stp=dst-jpg_e35_p1080x1080&_nc_ht=instagram.flba2-1.fna.fbcdn.net&_nc_cat=104&_nc_ohc=AFVv2AUEXh0AX-Qdpj7&edm=AOQ1c0wBAAAA&ccb=7-5&oh=00_AfBYqbVhN5MR8Pe9_uXdPA_EXDQU8h4Ewk6HnNZlMkUHIw&oe=65E993C1&_nc_sid=8b3546,True,,,
1635976869,couturenotebook,C4BZ6CcM7FU,True,Obsessed with these two jackets by @sepidparsa.store #artwear #iranianart #iranianfashion #iraniandesigner #persianbrand #fashiondesign,19,1549,1709404223.0,,https://instagram.flba2-1.fna.fbcdn.net/v/t51.2885-15/430865940_370447772564860_7316131110489752983_n.jpg?stp=dst-jpg_e15&_nc_ht=instagram.flba2-1.fna.fbcdn.net&_nc_cat=104&_nc_ohc=iimQwTV6GrIAX_LZ3Sm&edm=AOQ1c0wBAAAA&ccb=7-5&oh=00_AfBalJCQBte4_WnFi9GSxWfJumDaXmJoDoK8NWfVvrMCTw&oe=65E52070&_nc_sid=8b3546,False,couturenotebook,876379.0,43.0
1641350350,cozinhadalbo,CJKJOfWBGpT,False,"RECEITA: SALADA DE BATATA COM CEBOLA CARAMELIZADA E CREAM CHEESE ü•î ‚ú® 

Eu amo salada de batata com maionese. √â um dos meus pratos preferidos. Decidi fazer uma vers√£o um pouco mais elaborada, com sabores n√£o t√£o comuns em uma batatonese. Me inspirei em uma das primeiras receitas do blog, uma Pasta de cebolas caramelizadas com cream cheese. Misturei isso com batatas cozidas despeda√ßadas com as m√£os e o resultado foi esse acompanhamento perfeito para qualquer ceia de final de ano.

A quantidade dos ingredientes √© relativa √† quantidade de batatas que voc√™ for usar. Meu c√°lculo base √© 1 batata grande por pessoa e 1 cebola para cada 2 batatas. Agora para o cream cheese e maionese o c√°lculo √© o seguinte: para cada 5 ou 6 batatas - 1 pote de 150gr de cream cheese e 2 colheres de sopa de maionese. O papel dessa maionese √© soltar um pouco esse creme, pra ficar mais leve e mais ‚Äúespalh√°vel‚Äù.

INGREDIENTES
para 6 pessoas

6 batatas grandes
3 cebolas
150gr de ream cheese
2 colheres de sopa de maionese (pode ser industrializada mesmo)
cebolinha, para finalizar

Cozinhe as batatas inteiras em √°gua fria com bastante sal. Assim que ferver, abaixe o fogo e cozinhe at√© que elas fiquem bem macias, com a casca rachando. Retire do fogo, escorra e deixa esfriar.

Descasque e pique as cebolas. Em uma frigideira, aque√ßa um fio de azeite, adicione as cebolas, tempere com uma pitada generosa de sal, misture e tampe com uma tampa qualquer (n√£o precisa ficar perfeitamente vedado). Deixe assim sem mexer, em fogo baixo, por uns 10 minutos, para a cebola soltar bastante l√≠quido. Tire a tampa e continue cozinhando, mexendo bastante, at√© que elas fiquem caramelizadas, macias, doces, douradas, mas sem queimar. Retire do fogo, escorra e deixa esfriar.

Assim que as batatas estiverem mornas o suficiente para voc√™ pegar na m√£o sem se queimar, despedace elas com os dedos, em peda√ßos bem disformes. Em uma tigela grande, misture cream cheese, maionese, cebola caramelizada, sal e pimenta do reino. Misture com as batatas, com vontade, para quebr√°-las ainda mais. Sirva com bastante cebolinha por cima e mais um pouco de pimenta do reino.",28,1154,1608765663.0,,https://instagram.flba2-1.fna.fbcdn.net/v/t51.2885-15/132001407_1278086252565779_3638932314384423447_n.jpg?stp=dst-jpg_e35_p1080x1080&_nc_ht=instagram.flba2-1.fna.fbcdn.net&_nc_cat=111&_nc_ohc=xawH9xGN9VgAX883I_s&edm=AOQ1c0wBAAAA&ccb=7-5&oh=00_AfAzUzjZSKUSrIloxAmtAOnyawVpoGi907uKqCfGz_Kl_g&oe=65E8C7F6&_nc_sid=8b3546,True,cozinhadalbo,152874.0,339.0
207092650,cravingsinamsterdam,BvzOlwZAbhp,False,So lucky we were able to see Tokyo‚Äôs cherry blossom in full bloom on our last day.,111,5190,1554309632.0,"{'id': '132050837500297', 'has_public_page': True, 'name': 'Shinjuku Gyoen National Garden Êñ∞ÂÆøÂæ°Ëãë', 'slug': 'shinjuku-gyoen-national-garden'}",https://instagram.flba2-1.fna.fbcdn.net/v/t51.2885-15/53614293_640957469668432_2392072019597203086_n.jpg?stp=dst-jpg_e35&_nc_ht=instagram.flba2-1.fna.fbcdn.net&_nc_cat=104&_nc_ohc=Z62meLAsKCcAX9JxzCO&edm=AOQ1c0wBAAAA&ccb=7-5&oh=00_AfD5RpeWW-c8noltrsRzZa-C5nkWayR9s6sTf2qEabQtLQ&oe=65E89A2A&_nc_sid=8b3546,False,cravingsinamsterdam,127858.0,372.0
63852484397,bringornow,C3n2tXQtyJI,True,"A flower child with a completely magical smile. 
Eynav, Almog mom's leaves legacy of love and light. 
She was murdered by Hamas terrorists at the Nova music festival on October 7. 
Her husband, Or, was taken hostage in Gaza. 
Or is still alive. 
Bring him home.",57,1211,1708547273.0,,https://instagram.faep4-2.fna.fbcdn.net/v/t51.2885-15/428899907_939938677248148_7875879015537179123_n.jpg?stp=dst-jpg_e15&_nc_ht=instagram.faep4-2.fna.fbcdn.net&_nc_cat=104&_nc_ohc=tFpB-50RrMsAX_GRS25&edm=AOQ1c0wBAAAA&ccb=7-5&oh=00_AfCkygOOCHNsBAZL3v7bPswdsez1vsOQFyIcJ_8TMY16KA&oe=65E517B2&_nc_sid=8b3546,False,,,
1549303004,crazyjewishmom,C3YnY2VrKmP,True,"Rom is a hero. He should be home, being celebrated for his bravery. Instead, he is kidnapped in Gaza. @bring_rom_home now! #bringthemhomenow @kimfriedman.nyc.nj",81,875,1708035943.0,,https://instagram.faep4-3.fna.fbcdn.net/v/t51.2885-15/428068310_1947183909010479_2344592077114900465_n.jpg?stp=dst-jpg_e15&_nc_ht=instagram.faep4-3.fna.fbcdn.net&_nc_cat=103&_nc_ohc=EPu9I0dK6NQAX_2lNt3&edm=AOQ1c0wBAAAA&ccb=7-5&oh=00_AfARV1f9n6hcF3Jx98FVe3R1yFTbjt6nMmOk1IwPYBLpMQ&oe=65E506AB&_nc_sid=8b3546,False,crazyjewishmom,573232.0,486.0
62091615300,bring.hersh.home,C2DjEgCNxRu,True,"100 days too many - we want to see you tomorrow! BRING THEM ALL HOME NOW!

#BringThemHomeNow 
#bring_hersh_home",384,29465,1705181146.0,,https://instagram.faep4-2.fna.fbcdn.net/v/t51.2885-15/418634820_948724653483775_6951863486329765760_n.jpg?stp=dst-jpg_e15&_nc_ht=instagram.faep4-2.fna.fbcdn.net&_nc_cat=107&_nc_ohc=4nYaiUnPFfAAX_SWZqr&edm=AOQ1c0wBAAAA&ccb=7-5&oh=00_AfDU2G9T0hM-4K2f8wvaJny4dCnI6_15S-ikO_ijRbhUYQ&oe=65E52311&_nc_sid=8b3546,False,,,
62439507496,kidnappedfromisrael,C1-MJfwtYGy,False,"Noa and her partner, Avinatan, were kidnapped from a rave festival. 

They were kidnapped, brutally, begging for their lives, from an event of music, dancing, and love. 

Noa's mom is very sick and fighting for her life. She can't make it to The Hague to tell them how she wishes to see her daughter one more time... 

#with_Israel 
#kidnappedfromisrael 
#bringthemhomenow 
#demandtheirfreedom 
#israelilivesmatter",74,3793,1705001306.0,,https://instagram.faep4-2.fna.fbcdn.net/v/t51.2885-15/418335859_302618112269518_7702992923880681831_n.heic?stp=dst-jpg_e35&_nc_ht=instagram.faep4-2.fna.fbcdn.net&_nc_cat=110&_nc_ohc=rGUWBXaEsZIAX8Q5PE6&edm=AOQ1c0wBAAAA&ccb=7-5&oh=00_AfDeP2FEYODIUZjj3qh8cWuKlgOlMsnsk4r94UiWtssUDQ&oe=65E957D6&_nc_sid=8b3546,False,,,
1182816418,crochetgirl99,B-yj-e3Jc4S,False,"Shhhhh, be vewy vewy quiet! I‚Äôm making wabbits! üê∞ üòÅüê∞Sweetest little egg cosy pattern by @littlecottonrabbits üê∞üê∞üê∞",46,2066,1586499544.0,,https://scontent-lhr8-2.cdninstagram.com/v/t51.2885-15/92131520_571561103463061_4282309371896376948_n.jpg?stp=dst-jpg_e35_s1080x1080&_nc_ht=scontent-lhr8-2.cdninstagram.com&_nc_cat=101&_nc_ohc=XptlBs6MLO8AX8bX8lg&edm=AOQ1c0wBAAAA&ccb=7-5&oh=00_AfCvIl6WavE8SOLPyAMBaEoQTuITN4cCuqYfF2v5MZ4v3w&oe=65E90880&_nc_sid=8b3546,False,,,
4769265,croyable,CY8p8UvMu0_,False,"The floor is lava 

Thanks for the tips @creatingstories_nl",17,768,1642672792.0,,https://scontent-lhr6-2.cdninstagram.com/v/t51.2885-15/272189685_926577077994264_4160176720621699173_n.jpg?stp=dst-jpg_e35_s1080x1080&_nc_ht=scontent-lhr6-2.cdninstagram.com&_nc_cat=100&_nc_ohc=OluvtukDqdQAX80kDdt&edm=AOQ1c0wBAAAA&ccb=7-5&oh=00_AfBGBd0fT0JGCOSOUcfa7FUv_l8113mn00jDv42acNYdyQ&oe=65E97CD3&_nc_sid=8b3546,False,croyable,364852.0,456.0
41057892,cuchira,C4BGKB9NJVf,False,"BODY BOOKWORM / SOMATIC SCHOLAR 

During the time I‚Äôve been with my husband my body has seen many changes. Seemingly subtle ones that speak loud as women‚Äôs bodies do in all our many stages. These are changes that a superficial mind conditioned by a skin-deep culture would label as not attractive. I remember my EX-husband being disgusted by my armpit & random nipple hairs which I thought was hilarious, after all women have testosterone helping us produce new blood cells, maintain bone health, libido & boost other reproductive hormones. I‚Äôve been learning more about hormone changes as I approach menopause which is incredibly fascinating & always reiterates to me how wise the body is in adapting throughout its phases. 

The body is a book that reads of its lifetime. Birthmarks, scars, aging marks, wrinkles, tattoos, spots, hair loss, stretch marks, some of us lose limbs or gain ‚Äúextra‚Äù parts along the journey. The book of the body is beautiful in its creativity. It tells a rich story. Looking at a dead body is captivating in a way, being that the soul has left its shell. It‚Äôs like an artifact left behind with stories of the past written on its skin. A tangible object the soul crafted while here on earth. But the beauty of an alive body is that the soul is still inhabited & can continue to write. Creating until its very last day. I want my body to be a museum when my soul leaves it. 

Often my clients are surprised that I know so many intimate details about their inner world without them having to tell me.  They say ‚Äúhow did you know that?‚Äù ‚ÄúIt‚Äôs like you‚Äôre inside me!‚Äù ‚ÄúYou were saying what I was thinking as I was thinking it! How do you know that?‚Äù Well, I‚Äôve read a lot of bodies in my lifetime & it‚Äôs my gift (one could say). I‚Äôm a body bookworm or a somatic scholar. The beauty of the way the body reads is that it doesn‚Äôt lie like the mind does. It‚Äôs vulnerable (even if you think you‚Äôre not). It‚Äôs incapable of lying; just like an aged body cannot look young no matter how hard you or your plastic surgeon try to turn back time. That‚Äôs what I find stunning about aging & my work as a somatic healer. It‚Äôs honest AF & the Scorpio in me doesn‚Äôt do casual or roundabout.",3,122,1709393795.0,,https://instagram.flhr13-1.fna.fbcdn.net/v/t39.30808-6/430706855_18416960263033893_447777874578983194_n.jpg?stp=dst-jpg_e35_s1080x1080_sh0.08&_nc_ht=instagram.flhr13-1.fna.fbcdn.net&_nc_cat=109&_nc_ohc=GJakeB1fZ6MAX_SGwWb&edm=AOQ1c0wAAAAA&ccb=7-5&oh=00_AfAk17To-LEYaooSSR5biR09xTbWS39FvQc1RP4FtlkQ-Q&oe=65E89BAE&_nc_sid=8b3546,False,,,
4342289,cucinadigitale,CriY2RfAkI2,True,"Something tells me I‚Äôm into something good @thehoxtonhotel Holborn
‚Å£
#london",21,283,1682594254.0,,https://scontent-lhr6-2.cdninstagram.com/v/t51.2885-15/343283725_597271022346016_6153751720659488431_n.jpg?stp=dst-jpg_e15&_nc_ht=scontent-lhr6-2.cdninstagram.com&_nc_cat=104&_nc_ohc=v6lgIt34yYkAX_bskJv&edm=AOQ1c0wBAAAA&ccb=7-5&oh=00_AfBbRc6eFFhBDtBqW3BzmGJJM0MAOZhL9reg2v42X-RNgg&oe=65E55771&_nc_sid=8b3546,False,cucinadigitale,445848.0,655.0
1777513111,culturizate,C3-T2czuvpX,True,La transparencia se debe a la carencia de escamas de  colores en los tejidos que se encuentran en las venas de sus alas ü¶ãüòç,8,5506,1709300388.0,,https://instagram.flba2-1.fna.fbcdn.net/v/t51.2885-15/430704914_388276290588065_1868474720804541361_n.jpg?stp=dst-jpg_e15&_nc_ht=instagram.flba2-1.fna.fbcdn.net&_nc_cat=105&_nc_ohc=uIqCenHjJnAAX_dHS-v&edm=AOQ1c0wBAAAA&ccb=7-5&oh=00_AfBgT9_BJ-Dpm7oqu2k6Bkw1ok2k0GLwOpD1ZyEKejCtLw&oe=65E5A1C6&_nc_sid=8b3546,False,culturizate,2130654.0,573.0
25731094,cyarine,CFZ9UIhl3dO,False,"Did i just spend my afternoon drawing a tattoo and lace on my relaxing time? Yes, maybe

I just needed to draw this mirror selfie immediately when i saw it ü•∫",1043,172277,1600706354.0,,https://instagram.fkiv2-1.fna.fbcdn.net/v/t51.2885-15/119866165_653559982203688_573440465906244887_n.jpg?stp=dst-jpg_e35_s1080x1080&_nc_ht=instagram.fkiv2-1.fna.fbcdn.net&_nc_cat=104&_nc_ohc=749JsfNFj6wAX9tD_oQ&edm=AOQ1c0wBAAAA&ccb=7-5&oh=00_AfCvR0RqbqibF-iA0TQsh6Oms2uLaQKwhA0Z-eS5b2RmzA&oe=65E86899&_nc_sid=8b3546,False,cyarine,1592960.0,1030.0
1483486192,d.signers,C4ADXKkMWFC,True,"These amazing sunshades are helping reduce the temperature in üìç #saudiarabia üîù What do you think?üëá

Share this with an #architecture lover‚ô•Ô∏è
Designed by SEFAR achitecture & @sl_rasch 
üé• by @gezi.om 
______
Join us at @d.signers_in @d.signers @zahiracury 
#design #umbrella #climatechange #kinetic #reels #madinah",52,7434,1709358857.0,,https://instagram.fagc1-1.fna.fbcdn.net/v/t51.2885-15/430651063_416966591003969_8070453022032431570_n.jpg?stp=dst-jpg_e15_fr_p1080x1080&_nc_ht=instagram.fagc1-1.fna.fbcdn.net&_nc_cat=105&_nc_ohc=s_tZ68IA9w8AX9ahXLu&edm=AOQ1c0wBAAAA&ccb=7-5&oh=00_AfCzBF6vNp7F7WZYglIQpYO833Jp4MVF9UJTTLYF4Uu9SQ&oe=65E59393&_nc_sid=8b3546,False,d.signers,4649203.0,48.0
1721579912,almostadulting,CtQN-y3J7Gj,True,"Do you agree?? üëáüèª Ever wondered why the guy who wouldn‚Äôt commit to you, is suddenly engaged to someone else 6 months later‚Ä¶??? This is why. // Episode: men Don‚Äôt Marry on @almostadulting",3658,169832,1686278924.0,,https://instagram.flba2-1.fna.fbcdn.net/v/t51.2885-15/352288776_761606458838865_3771370670339107916_n.jpg?stp=dst-jpg_e15_fr_p1080x1080&_nc_ht=instagram.flba2-1.fna.fbcdn.net&_nc_cat=109&_nc_ohc=-GHCv2DGUQcAX8eaMoL&edm=AOQ1c0wBAAAA&ccb=7-5&oh=00_AfCjCnkDy8W_0T-_8rIjnPgLtiOAa2ESy0lKjwe_6XBR0g&oe=65E50335&_nc_sid=8b3546,False,,,
1548702122,violetbenson,ChDNrkuDtXW,True,I‚Äôm just in a silly goofy mood ü§≠(THIS VIDEO IS SARCASM),2333,114104,1660072769.0,,https://instagram.flba2-1.fna.fbcdn.net/v/t51.2885-15/298198043_1110439033216924_2544433275236132366_n.jpg?stp=dst-jpg_e15&_nc_ht=instagram.flba2-1.fna.fbcdn.net&_nc_cat=104&_nc_ohc=GJ5A4HD9TW8AX8SavXD&edm=AOQ1c0wBAAAA&ccb=7-5&oh=00_AfAlIs200x3O4s9lmzHGCV-VdW17paykcL-U6wUPO7IgrQ&oe=65E57463&_nc_sid=8b3546,False,,,
1418144169,daddyissues_,C38PhVsprtR,True,IM SORRY I THOUGHT THAT WAS A DOLL ü´®,990,4140,1709230953.0,,https://instagram.flba2-1.fna.fbcdn.net/v/t51.2885-15/430265032_1368332421230953_2898422071092976379_n.jpg?stp=dst-jpg_e15&_nc_ht=instagram.flba2-1.fna.fbcdn.net&_nc_cat=101&_nc_ohc=3Blk6Kjb-gMAX8rQ7RI&edm=AOQ1c0wBAAAA&ccb=7-5&oh=00_AfCwN5IU0eSwFnrBSYZtx7PVYR9SmbgI3gympiN5bE5GXg&oe=65E584A1&_nc_sid=8b3546,False,daddyissues_,5634830.0,111.0
1774826562,dailyfoodfeed,CmIeawkrgOE,True,"‚ÄºÔ∏è$25 CAFE RIO GIVEAWAY‚ÄºÔ∏è In celebration of the return of Carne Asada at @caferio, DailyFoodFeed and Cafe Rio are coming together to give away $25 in Cafe Rio eats valid at ANY Cafe Rio location to one lucky follower! ‚ò∫Ô∏è To enter to win: 
1Ô∏è‚É£FOLLOW @caferio 
2Ô∏è‚É£TAG a friend in a comment 
3Ô∏è‚É£For multiple entries and a higher chance of winning, TAG a new friend per comment! 
4Ô∏è‚É£GOOD LUCK! ü§û
Entries expire 12/15 11PM PST. A winner will be announced 12/16! #CafeRioxDFFGiveaway #TheObsessionIsReal",125,788,1670986848.0,"{'id': '380354365884520', 'has_public_page': True, 'name': 'Cafe Rio', 'slug': 'cafe-rio'}",https://scontent-lhr6-1.cdninstagram.com/v/t51.2885-15/319540008_207868015021054_183515575456119816_n.jpg?stp=dst-jpg_e15&_nc_ht=scontent-lhr6-1.cdninstagram.com&_nc_cat=110&_nc_ohc=NvSRSI--SE4AX8aNPEP&edm=AOQ1c0wBAAAA&ccb=7-5&oh=00_AfB6FPE5_MusGyItqhmtLqu-G5n61hKA3NBIbO4cnKdjHg&oe=65E53915&_nc_sid=8b3546,False,dailyfoodfeed,726270.0,360.0
6418466,daisyclementine,C38hThhvm9i,False,"Ins for spring:
üå∑God being bigger than all of it 
üå∑embracing the gray area 
üå∑citrus scents
üå∑sewing projects 
üå∑reading over scrolling",6,540,1709240256.0,,https://scontent-gru1-2.cdninstagram.com/v/t51.2885-15/430307505_945416393834136_6575125273158940811_n.jpg?stp=dst-jpg_e35_s1080x1080&_nc_ht=scontent-gru1-2.cdninstagram.com&_nc_cat=100&_nc_ohc=c6Qjf0ryW-AAX9M_tAf&edm=AOQ1c0wBAAAA&ccb=7-5&oh=00_AfCoWA4uA9LEM-eWHC2Mmh58uIZkKY3Tpa2fO8gcJIGLzg&oe=65E97CF6&_nc_sid=8b3546,True,daisyclementine,194772.0,453.0
6832459,dalalid,C38T6J3tfMT,False,"ŸÖÿ™ÿ≠ŸÖÿ≥ÿ≥ÿ≥ÿ≥ÿ≥ÿ≥ÿ© ÿ≠ŸÇ ÿ±ŸÖÿ∂ÿßŸÜ ü•π‚ù§Ô∏è

ÿØÿ±ÿßÿπÿ© ŸÖŸÜ @memez_boutique .. ŸÉŸÑ ÿØÿ±ÿßÿπÿ© ÿßÿ≠ŸÑŸâ ŸÖŸÜ ÿßŸÑÿ´ÿßŸÜŸäÿ© .. Ÿáÿ∞Ÿä ŸÑŸàŸÜŸáÿß ÿ≠ŸäŸäŸäŸäŸäŸäŸäŸäŸÑ ÿπÿ¨ÿ®ŸÜŸä .. ŸàÿßŸÑÿ¥ÿßŸÑ ŸäŸÜÿ≠ÿ∑ ÿ®ŸÉÿ∞ÿß ÿ∑ÿ±ŸäŸÇÿ© .. 

ÿπŸÜÿØŸáÿß ÿ™ÿµÿßŸÖŸäŸÖ ÿØÿ±ÿßÿ±Ÿäÿπ ÿßÿ™ŸäŸÜŸÜ ŸÜÿßÿπŸÖÿ© ŸàÿπŸÜÿØŸáŸÖ ŸÇÿ∑ÿπ ŸÅÿÆŸÖÿ© .. 

ÿ¥ÿ±ÿßŸäŸÉŸÖÿü ÿßÿ™ŸäŸÜŸÜŸÜŸÜŸÜ üòç",185,12971,1709233200.0,"{'id': '1034697078', 'has_public_page': True, 'name': 'Al Zahra (Kuwait)', 'slug': 'al-zahra-kuwait'}",https://instagram.flba2-1.fna.fbcdn.net/v/t51.2885-15/430767339_375829918643212_2624049668283412599_n.jpg?stp=dst-jpg_e35_p1080x1080&_nc_ht=instagram.flba2-1.fna.fbcdn.net&_nc_cat=104&_nc_ohc=i3R4wdHYX8gAX_tad2Q&edm=AOQ1c0wBAAAA&ccb=7-5&oh=00_AfD20fO_yJjt5dQabcDVLKTZS8QjdutyQE0-X9GcpLYAXg&oe=65E98697&_nc_sid=8b3546,True,dalalid,3230104.0,744.0
3703774631,damselindior,C3hLURPO4yV,False,@archdigest,0,181,1708322758.0,,https://instagram.flhr13-1.fna.fbcdn.net/v/t51.2885-15/428110153_744769280954089_8665124044638917298_n.jpg?stp=dst-jpg_e35&_nc_ht=instagram.flhr13-1.fna.fbcdn.net&_nc_cat=101&_nc_ohc=w5nLdo9sB0EAX9E9Qw_&edm=AOQ1c0wBAAAA&ccb=7-5&oh=00_AfAT4osbCNwM2sy7wfh8eaVVmISudKb-UTSOXe9TSf1s8A&oe=65E93A0B&_nc_sid=8b3546,False,damselindior,34413.0,235.0
50417061,danbilzerian,Cv_u6U3OSmg,False,Good to be home,5281,1692379,1692168184.0,,https://instagram.flhr13-1.fna.fbcdn.net/v/t39.30808-6/367976810_18429203695049062_2072516474342448932_n.jpg?stp=dst-jpg_e35_p1080x1080_sh0.08&_nc_ht=instagram.flhr13-1.fna.fbcdn.net&_nc_cat=110&_nc_ohc=aqkvJIR9F-8AX_0LztV&edm=AOQ1c0wAAAAA&ccb=7-5&oh=00_AfCcriV1LJE6ZoG2qoO3-9rGskbVJxUrIjxc8_IR9Jkt1Q&oe=65E8D30C&_nc_sid=8b3546,False,danbilzerian,32518855.0,420.0
175833942,daniel_ernst,C39oJPLIjM_,True,"Snowy drives along the Barents Sea ‚ùÑÔ∏è

_
#solarcollective #stademagazine #friluftsliv #norge #fjelltid #liveterbestute #mittnorge #finnmark #djiair3 #mittfrilufts #mynorwaystories #utno #utp√•tur #arcticcircle #lifeinthearctic",24,1475,1709277708.0,"{'id': '1516052931786708', 'has_public_page': True, 'name': 'Barents Sea', 'slug': 'barents-sea'}",https://instagram.fkiv3-1.fna.fbcdn.net/v/t51.2885-15/430966396_716985793640328_7558456515811084526_n.jpg?stp=dst-jpg_e35_p1080x1080_sh0.08&_nc_ht=instagram.fkiv3-1.fna.fbcdn.net&_nc_cat=100&_nc_ohc=i4jreG75UCcAX-ZrKPz&edm=AOQ1c0wBAAAA&ccb=7-5&oh=00_AfCUdgEBISSE900gqUdZYQjr0mQ_i15XBMHRsRw1YHHNFQ&oe=65E51783&_nc_sid=8b3546,False,daniel_ernst,733914.0,672.0
48398435520,canonemeapro,C3FWz_lIEQd,True,"Can‚Äôt talk now, busy watching this incredible piece of work by @daniel_ernst over and over again üòçüòçüòç
 
Shot on the Canon EOS R5 C.
 
#filmmaking #antarctica #exploretocreate",46,2025,1707389356.0,,https://instagram.fkiv3-1.fna.fbcdn.net/v/t51.2885-15/426331846_780099627292899_5372871663593440237_n.jpg?stp=dst-jpg_e35_p1080x1080_sh0.08&_nc_ht=instagram.fkiv3-1.fna.fbcdn.net&_nc_cat=103&_nc_ohc=yuXzJrcl6LsAX96VXBR&edm=AOQ1c0wBAAAA&ccb=7-5&oh=00_AfAXrSpMmnqQq7KanG5Zz2XCKAOTE6coolQphFkbc5RTBw&oe=65E59E26&_nc_sid=8b3546,False,,,
5613565,dani_thorne,CiVzVPjA6QL,True,SAN DEIGOOOO YOU ARE INSANE üî•ü§§ had the best time last night. Refer back to footage for proof. ANAHEIM House of Blues TONIGHT üî•,175,7218,1662844105.0,"{'id': '482141822', 'has_public_page': True, 'name': 'NOVA SD', 'slug': 'nova-sd'}",https://instagram.flhr13-1.fna.fbcdn.net/v/t51.2885-15/306103339_445398614232918_4232786483032185838_n.jpg?stp=dst-jpg_e15&_nc_ht=instagram.flhr13-1.fna.fbcdn.net&_nc_cat=106&_nc_ohc=_vbtq5MANtUAX_q5QKQ&edm=AOQ1c0wBAAAA&ccb=7-5&oh=00_AfBSn0Pc9TfVtewHwWsxGK9PROj8JHE5qxPWyqX20Iv2ig&oe=65E50B25&_nc_sid=8b3546,False,dani_thorne,567386.0,2802.0
15404271,dannibelle,CvS-2EvBh-_,True,3 and a half years and he still treats me like we‚Äôre in our Honeymoon phase. Grateful ‚ù§Ô∏è,5325,717702,1690666633.0,,https://instagram.flhr13-1.fna.fbcdn.net/v/t51.2885-15/363498969_1090051452381945_5099309963234637154_n.jpg?stp=dst-jpg_e35_p1080x1080_sh0.08&_nc_ht=instagram.flhr13-1.fna.fbcdn.net&_nc_cat=109&_nc_ohc=m-n9gPVR10gAX_TcO00&edm=AOQ1c0wBAAAA&ccb=7-5&oh=00_AfAIStztBvgaNDaO3OB0VjXEPs_j5aDUZQ-Sxa9uPIyT6w&oe=65E55D06&_nc_sid=8b3546,False,dannibelle,1070768.0,630.0
32506,dannyzappa,CBB-gmMHJ_z,False,Black on Black,42,3382,1591311739.0,,https://instagram.flhr13-1.fna.fbcdn.net/v/t51.2885-15/101973445_626623011532849_2328166240732577588_n.jpg?stp=dst-jpg_e35_p1080x1080&_nc_ht=instagram.flhr13-1.fna.fbcdn.net&_nc_cat=101&_nc_ohc=L7X6BeQmeDwAX9nrrZ7&edm=AOQ1c0wBAAAA&ccb=7-5&oh=00_AfCcXr3HSy5K1-hHgRNRIngP3oRN7AbI6CTgvXCz9gTtjw&oe=65E7C2CB&_nc_sid=8b3546,False,dannyzappa,227772.0,546.0
188995860,trakkebags,C38GivYNMOL,True,"To back a company that literally has your back üëå

Mark Shayler said it best and he‚Äôs also the next edition of our Cusotomer Stories Series! 

Mark is a renowned sustainability expert, speaker and author based here in the UK. His environmental insights actually helped us calculate our carbon footprint here at Trakke a few years ago! 

Read the full story via the link in bio üëÜ 

üåç @markshayler 
üé• @danrubin 
üì∏ @leicauk @atlantafilm.co 

#customerjourney #smallbusiness #shopsmall #sustainability #sustainabilitymatters #sustainablebusiness",13,73,1709226308.0,"{'id': '234509117', 'has_public_page': True, 'name': 'Donisthorpe', 'slug': 'donisthorpe'}",https://instagram.flhr13-1.fna.fbcdn.net/v/t51.2885-15/430330665_1119344856147809_1883102911665921597_n.jpg?stp=dst-jpg_e15_fr_p1080x1080&_nc_ht=instagram.flhr13-1.fna.fbcdn.net&_nc_cat=105&_nc_ohc=fIaL0odZps4AX9WuK07&edm=AOQ1c0wBAAAA&ccb=7-5&oh=00_AfBX29b1bdXKcQmguil224MWrjvvd1vp22hPsRA_yJcd0g&oe=65E54BCC&_nc_sid=8b3546,False,,,
72,danrubin,C2uo9m8r4m-,False,"There‚Äôs not much I love more than meeting interesting people and learning what makes them tick. So when @oneplus commissioned me to interview and photograph Marc Spelmann (@iamspelmann) for @VICE, I jumped at the opportunity.

You‚Äôve probably seen Marc at work ‚Äî even if you don‚Äôt know it yet ‚Äî on Britain‚Äôs Got Talent or America‚Äôs Got Talent as his alter-ego, Magician X (@iammagicianx), leading to incredible success online and off, and hundreds of millions of fans around the world.

We spent an afternoon at Marc‚Äôs home studio in London chatting about our shared love of sci-fi, special effects, cognitive psychology, and design (among his many talents, Marc is a trained illustrator and graphic designer), and of course, magic.

Marc is, unsurprisingly, a talented wordsmith, and one thing he said keeps running circles around my head in the days since our chat, as it applies to so many human endeavours: ‚ÄúAnything is possible if you put your mind to it, and you have to have that mindset because ultimately what you‚Äôre trying to create is something that should not exist.‚Äù Brilliant.

His story is as captivating as his illusions¬†‚Äî read more from our chat at the link on my profile, and check out Marc and Magician X on Instagram and YouTube for more magic.

All photos (and video) captured on the new OnePlus 12.",11,585,1706627025.0,,https://instagram.flhr13-1.fna.fbcdn.net/v/t51.2885-15/423159645_1708485789643638_7385421179753464664_n.jpg?stp=dst-jpg_e35_p1080x1080&_nc_ht=instagram.flhr13-1.fna.fbcdn.net&_nc_cat=106&_nc_ohc=5_JoQCyFlsQAX-HaKvT&edm=AOQ1c0wBAAAA&ccb=7-5&oh=00_AfCOHw_oZ2sq5aWITst2_mV9QuPftfHeJhOPo5JjCEAVVA&oe=65E939E1&_nc_sid=8b3546,True,danrubin,673403.0,3380.0
305619,dansmoe,BhrcjLthg_9,False,"Daily life on the Fj√§llr√§ven Polar... #fjallravenpolar ‚Ä¢
‚Ä¢
‚Ä¢
‚Ä¢
#stayandwander #explorenation #livefolk #ourplanetdaily #keepitwild",157,9047,1523983744.0,"{'id': '323632093', 'has_public_page': True, 'name': 'Sweden', 'slug': 'sweden'}",https://instagram.flba2-1.fna.fbcdn.net/v/t51.2885-15/30080119_484177558663523_3037840972735053824_n.jpg?stp=dst-jpg_e35&_nc_ht=instagram.flba2-1.fna.fbcdn.net&_nc_cat=111&_nc_ohc=EKc5QUw22REAX-4Oui8&edm=AOQ1c0wBAAAA&ccb=7-5&oh=00_AfAQSsOmmUVcfb6vJaB5xzV8tsZMkO2K3PLmss6eSHkLqQ&oe=65E9046D&_nc_sid=8b3546,True,,,
294330511,daveyoder,Cg96Ty7IZJx,False,"Hi everyone, if anyone collects NFTs I've dropped my first collection, ""Fashionista,"" at https://sloika.xyz/daveyoder.eth/fashionista
I'm also mostly posting at the birdy place, @daveyoderphoto, if people would like to follow me there it'd be greatly appreciated! Hope all is good",2,158,1659894796.0,,https://instagram.flba2-1.fna.fbcdn.net/v/t51.2885-15/297553665_585057153108139_6073717559252602473_n.jpg?stp=dst-jpg_e35_s1080x1080&_nc_ht=instagram.flba2-1.fna.fbcdn.net&_nc_cat=107&_nc_ohc=q2wADnHBI4kAX8XB-_y&edm=AOQ1c0wBAAAA&ccb=7-5&oh=00_AfAlMCe-GeeULqmsKA5dp6aPLbEpWMN4MKnsOH-yiEWnkw&oe=65E94715&_nc_sid=8b3546,False,daveyoder,133227.0,127.0
4206008232,anfm_fotografi_matrimonialisti,Cp4vYQUtiNm,False,"‚ÄúDon‚Äôt shoot what it looks like. Shoot what it feels like.‚Äù 

‚≠êÔ∏èDAVID ALAN HARVEY

Le fotografie di David Alan Harvey accendono la psiche umana. 

I suoi lavori sono stati esposti alla Corcoran Gallery of Art, alla Biblioteque Nacional di Parigi, al Museum of Modern Art e al Virginia Museum of Fine Arts, tra gli altri luoghi. Fotografo del National Geographics da pi√π di 30 anni.

Oggi ha incantato la platea, ci ha lasciati a bocca aperta, con la sua simpatia e i suoi lavori. 

Onorati di aver ospitato un grande della fotografia mondiale durante la nostra Convention. 

Ph @gianfrancobernardophotographer",4,193,1679048646.0,"{'id': '1027628912', 'has_public_page': True, 'name': 'Matera - Citta dei Sassi', 'slug': 'matera-citta-dei-sassi'}",https://instagram.fpen1-1.fna.fbcdn.net/v/t51.2885-15/334779621_880359506377006_1319366491963198861_n.jpg?stp=dst-jpg_e35&_nc_ht=instagram.fpen1-1.fna.fbcdn.net&_nc_cat=110&_nc_ohc=RW48Jm79VugAX-klXjV&edm=AOQ1c0wBAAAA&ccb=7-5&oh=00_AfCVRcloZYC6_nwZn1ur-FN0moqUpWsbeYLxD_m2Jw4h0Q&oe=65E975B6&_nc_sid=8b3546,True,,,
218796580,daviddoubilet,C1lWguWsp1O,False,"As 2024 begins‚Ä¶.. I send out wishes for peace, calm and health. The sun dappled sands of Marsa Al Muqabilah, Sinai Peninsula.",33,3293,1704167878.0,,https://instagram.flba2-1.fna.fbcdn.net/v/t39.30808-6/416111600_18402600901044581_1881078820858786532_n.jpg?stp=dst-jpg_e35_s1080x1080_sh0.08&_nc_ht=instagram.flba2-1.fna.fbcdn.net&_nc_cat=105&_nc_ohc=4THU-VLnVkoAX_zt-WD&edm=AOQ1c0wAAAAA&ccb=7-5&oh=00_AfBgzDoKHaixfIo1MiiyWc-MvtDhHw9XlVdvhV47ZIeYew&oe=65E966D3&_nc_sid=8b3546,False,daviddoubilet,420327.0,658.0
55239027,davidson_frere,C3_Golmvicr,False,Timeless Style by Mr. Washington üëåüèø,69,4784,1709326936.0,,https://instagram.flba2-1.fna.fbcdn.net/v/t51.2885-15/430418741_1086867189198592_8690561114445837121_n.jpg?stp=dst-jpg_e35_p1080x1080&_nc_ht=instagram.flba2-1.fna.fbcdn.net&_nc_cat=104&_nc_ohc=u8JCW6EmX54AX9fiOYs&edm=AOQ1c0wBAAAA&ccb=7-5&oh=00_AfCdwPEJjnUAi0MTMyA_SmKI98ZLJbhNIKUoMf5mnive1g&oe=65E7D4AC&_nc_sid=8b3546,False,,,
1087446306,pranafoods.ca,C3-_mQHxri7,True,"üí´üåàGIVEAWAY TIME üåàüí´

DAVIDsTEA x PRANA have teamed up to offer you 
the chance to wrap yourself in the warmth of a 
perfect brew and the delight of our new Gourmet 
Granola. ‚ú®Ô∏è

Enjoy the ultimate combination of gourmet 
pleasures offered by our duo, designed to delight 
your senses and transport you to a delicious 
world of flavors. Dive into the magic and try your 
luck at winning this gourmet getaway. 
(Total Value: $800)

Gift bundle includes:
ü©µ $300 worth delicious PRANA goodies including 
our NEW Granolove Gourmet
ü©µ $100 PRANA online gift card
ü©µ $300 of soul-warming DAVIDsTEA products 
ü©µ $100 DAVIDsTEA online gift card

Here‚Äôs how to enter:
üëâ  Be sure to follow @pranafoods.ca & @davidstea
üëâ Like this post
üëâ Tag a friend in the comments (1 tag per comment)
üëâ Complete your entry by entering your email, link in our bio.
‚ú®For 10 extra entries, share this to your IG 
story and tag both accounts.

Good lucküçÄüí´
Giveaway ends March 10 2024, at noon EST. The 
winner will be contacted via email. Open to 
Canadian residents exclusively, with a Canadian 
address. This giveaway is not sponsored, endorsed, 
administered by, or associated with Instagram or 
Facebook. 

# DAVIDsTEAXPRANA 
#GourmetGranoloveGiveaway #giveway
#granolovegourmet #passionfortea 

*******
‚ú®Ô∏èüåàCONCOURS üåàüí´

Les Th√©s DAVIDsTEA x PRANA s‚Äôassocient pour 
t‚Äôoffrir la chance de t‚Äôenvelopper dans la chaleur 
d'une infusion r√©confortante et l‚Äôindulgence de 
notre nouveau Granola Gourmet. ‚ú®Ô∏è

Profite de la combinaison ultime des plaisirs 
gourmands qu‚Äôoffre notre duo, con√ßu pour ravir
tes sens et te transporter dans un d√©licieux 
monde de saveurs. Plonge dans la magie et tente
ta chance de gagner cette escapade gourmande d'une valeur totale de 800$!

L'ensemble cadeaux comprend : 
ü©µ 300$ de d√©licieux produits PRANA incluant notre 
NOUVEAU Granolove Gourmet 
ü©µ Une carte-cadeau PRANA en ligne, valeur 100$
ü©µ 300$ de produits r√©confortants DAVIDsTEA 
ü©µ Carte-cadeau en ligne DAVIDsTEA, valeur 100$

Pour participer, voir dans les commentaires üëá

Bonne chance üçÄüí´",1576,647,1709324528.0,,https://instagram.ftuc1-1.fna.fbcdn.net/v/t51.2885-15/430374271_1676958779376696_1482286414867358911_n.jpg?stp=dst-jpg_e15&_nc_ht=instagram.ftuc1-1.fna.fbcdn.net&_nc_cat=100&_nc_ohc=0GpIQWJH7SUAX8gCQNX&edm=AOQ1c0wBAAAA&ccb=7-5&oh=00_AfACXIVmPtZmZhf1E2Ty4IxxD9oXu8dO841-lHCr_q14gg&oe=65E504B0&_nc_sid=8b3546,False,,,
18092172,davidstea,C38Q0DFArnT,True,"Leap day cocktail with a citrusy DAVIDsTEA twist! Word has it this li‚Äôl bevvie is responsible for more proposals than any other cocktail‚Ä¶ single or taken, you know what to do ;)

INGREDIENTS

üçä 2 Perfect Spoons of Blood Orange Boost loose leaf tea
üç∏ 4 oz of hot water (95¬∞C/200¬∞F)
üçä 2 oz of gin
üç∏ ¬Ω oz Grand Marnier
üçä1 tsp of fresh lemon juice
üç∏ Orange zest 

HOW TO

üçä Steep 2 Perfect Spoons of Blood Orange Boost in hot water for 5 mins. Let cool then freeze into ice cubes (optional).
üç∏ Fill cocktail shaker with ice and add in all liquid ingredients. Shake, shake, shake!
üçä Grab a cocktail glass, twist an orange peel over the rim, add in the ice cube and pour over. It‚Äôs love!
‚Ä¢
Cocktail du 29¬†f√©vrier, avec une touche citronn√©e DAVIDsTEA! Semblerait-il que cette petite boisson est responsable de plus de demandes en mariage que tout autre cocktail... c√©libataire ou en couple, vous savez quoi faire ;)

INGR√âDIENTS

üçä 2¬†Cuill√®res parfaites de th√© en feuilles Super orange sanguine
üç∏ 4¬†oz d‚Äôeau chaude (95¬†¬∞C/200¬†¬∞F)
üçä 2 oz de gin
üç∏ ¬Ω oz de Grand Marnier
üçä 1¬†c. √† th√© de jus de citron frais
üç∏ Zeste d‚Äôorange 

PR√âPARATION

üçä Infuser 2¬†Cuill√®res parfaites de th√© Super orange sanguine dans de l‚Äôeau chaude pour 5¬†minutes. Laisser refroidir et congeler ensuite en gla√ßons (optionnel).
üç∏ Remplir de gla√ßons un m√©langeur √† cocktails et ajouter tous les ingr√©dients liquides. Secouer un bon coup!
üçä Sortir un verre √† cocktail, disposer un zeste d‚Äôorange sur le bord du verre, ajouter les gla√ßons et verser. C‚Äôest l‚Äôamour!

#davidstea",2,296,1709231621.0,,https://instagram.ftuc1-1.fna.fbcdn.net/v/t51.2885-15/430766025_933791151604008_4321910658581912129_n.jpg?stp=dst-jpg_e35_p1080x1080_sh0.08&_nc_ht=instagram.ftuc1-1.fna.fbcdn.net&_nc_cat=100&_nc_ohc=_C8ceKxsqIYAX8zGEVG&edm=AOQ1c0wBAAAA&ccb=7-5&oh=00_AfCfV3gcrAA5UhRaaPFjbeC6GAKVLrohtlyGz8WZTKwcyg&oe=65E50EEB&_nc_sid=8b3546,False,davidstea,324212.0,694.0
42708445,dawilda,C3sl62mpsQv,False,"DE TODOS LOS PRODUCTOS DE REDKEN QUE HE TENIDO LA OPORTUNIDAD DE PROBAR ESTOS TRES TIENEN QUE SER DE MIS FAVORITOS POR QUE SON SUPER VERSATILES E  INNOVADORES Y LO MAS CHULO ES QUE ES QUE LO PUEDE USRA TODO EL MUNDO.

HEAR CLEASING CREAM:

ES UN SHAMPOO LIMPIADOR IDEAL PARA REMOVER  EL EXSESO DE PRODUCTO EN EL CUERO CABELLUDO AHORA QUE USAMOS TANTOS PRODUCTOS PARA ESTILIZAR ES BUENO CONTAR CON UN SHAMPOO LIMPIADOR  EN NUESTRA RUTINA PARA USAR UNA VEZ POR MES U CUANDO SEA NECESARIO.

XTREME CAT TREATMENT:
 ESTO ES BUENISISIMO PARA RESTAURAR ESAS PUNTAS Y RELLENAR .

EXTREME LENGT TRIPEL ACTION TREATMENT:
 UN TRATAMIENTO PROFUNDO QUE VA DIRECTO EN EL CUERO CABELLUDO PERO QUE VA A TRABAJAR EN EL LARGO Y EN LAS PUNTAS IDEAL PAR UN CABELLO QUEBRADIZO 

EN MIS HISTORIAS LES VOY A ABUNDAR MAS SOBRE LO QUE HACE CADA UNO Y COMO LOS UTILIZO.
 
#RedkenRD #SponsoredbyRedken  #HairCare",4,222,1708705806.0,,https://instagram.flba2-1.fna.fbcdn.net/v/t51.2885-15/409039074_1377836966255404_370908918555539493_n.jpg?stp=dst-jpg_e35_p1080x1080&_nc_ht=instagram.flba2-1.fna.fbcdn.net&_nc_cat=104&_nc_ohc=rGUFAXtuoz4AX9QQYnZ&edm=AOQ1c0wBAAAA&ccb=7-5&oh=00_AfDbZ1hMhwXzt-Ii1DZg05koHEksowOVVXd2a5RkkemSUQ&oe=65E7E0CD&_nc_sid=8b3546,True,dawilda,134099.0,1023.0
178166505,ahmadalhelo11,Cz8jgowolCa,False,#ÿπŸäÿØÿßŸÑÿ≠ÿ® #ÿπŸäÿØÿßŸÑÿ≥ŸÑÿßŸÖ,100,9374,1700651478.0,"{'id': '110183490824335', 'has_public_page': True, 'name': 'Dubai Downtown', 'slug': 'dubai-downtown'}",https://instagram.fkiv3-1.fna.fbcdn.net/v/t51.2885-15/403785840_865628698560017_543268829769565053_n.jpg?stp=dst-jpg_e35_p1080x1080&_nc_ht=instagram.fkiv3-1.fna.fbcdn.net&_nc_cat=105&_nc_ohc=rcJLJrO14N4AX9Pn0Jc&edm=AOQ1c0wBAAAA&ccb=7-5&oh=00_AfB8V-2t6oP__29G2mwTyQPPA4Ss2gijUNambnvJkQYXKA&oe=65E823CE&_nc_sid=8b3546,False,,,
621649003,deemabayyaa,C2e4OKAoeQt,False,"From üá∏üá™ Sweden with ‚ù§Ô∏è Love 
#deemabayyaa #sweden #stockholm #ÿØŸäŸÖÿßÿ®Ÿäÿßÿπÿ© #ÿßŸÑÿ≥ŸàŸäÿØ #ÿ≠ÿ®",64,2344,1706098154.0,"{'id': '213094275', 'has_public_page': True, 'name': 'Stockholm, Sweden', 'slug': 'stockholm-sweden'}",https://instagram.fkiv3-1.fna.fbcdn.net/v/t39.30808-6/420097421_18411226555017004_8385775988934712095_n.jpg?stp=dst-jpg_e35_s1080x1080_sh0.08&_nc_ht=instagram.fkiv3-1.fna.fbcdn.net&_nc_cat=104&_nc_ohc=7J4COcNrla0AX96KkhW&edm=AOQ1c0wAAAAA&ccb=7-5&oh=00_AfAYpFMTCqYAgyMC-cZFVJSJBI6Dmhv3UNoKDokqHW2tzw&oe=65E8A9A3&_nc_sid=8b3546,False,deemabayyaa,1755532.0,637.0
51664667817,manaf.designs,C32-R0VNrvh,True,"ÿ®ÿ™ÿ¢ŸÖŸÜŸàÿß ÿ®ÿßŸÑÿßÿ±ÿ™ÿ®ÿßÿ∑ !
.
.
.
#deemabayyaa #karessbashar #ÿØŸäŸÖÿß_ÿ®Ÿäÿßÿπÿ© #ŸÉÿßÿ±Ÿäÿ≥_ÿ®ÿ¥ÿßÿ±",28,3341,1709054223.0,,https://instagram.fkiv3-1.fna.fbcdn.net/v/t51.2885-15/429569366_6858136557645977_7147200770755629667_n.jpg?stp=dst-jpg_e15&_nc_ht=instagram.fkiv3-1.fna.fbcdn.net&_nc_cat=105&_nc_ohc=DD73eXYdGYcAX_tr53y&edm=AOQ1c0wBAAAA&ccb=7-5&oh=00_AfC7vna5XtMtnxp-KKl-h-8LtJzBDLrSg5KQvaLD0OujFA&oe=65E552C3&_nc_sid=8b3546,False,,,
1435159133,mahaalmasriofficial,C3USaysMq5E,False,"ŸÖŸÜÿ≤ŸÑ ÿπÿßÿ¶ŸÑÿ© ŸÜÿ¨Ÿäÿ® ŸÅŸáŸÖŸä - ÿßŸÑŸÅÿµŸàŸÑ ÿßŸÑÿ£ÿ±ÿ®ÿπÿ©
ŸÜÿ¨Ÿäÿ® ÿå ŸÖÿßŸÉÿØŸá ÿå ÿ±ÿßŸÖŸä ÿå ÿ≥Ÿàÿ≥Ÿà

ÿ¥ŸÉÿ±ÿßŸã Ÿäÿß ŸÖÿ®ÿØÿπ  @saied.cartoons
#ÿßŸÑŸÅÿµŸàŸÑ_ÿßŸÑÿßÿ±ÿ®ÿπÿ©",303,13836,1707890274.0,"{'id': '225945271', 'has_public_page': True, 'name': 'ÿØÿ®Ÿä', 'slug': ''}",https://instagram.fkiv3-1.fna.fbcdn.net/v/t51.2885-15/427390739_765116128826722_2259851270540791368_n.heic?stp=dst-jpg_e35&_nc_ht=instagram.fkiv3-1.fna.fbcdn.net&_nc_cat=110&_nc_ohc=1DkFySX-p8gAX8IxAo5&edm=AOQ1c0wBAAAA&ccb=7-5&oh=00_AfAh36xWzGd2R5q-aLZLokJUaoMOxmFPoh_2DnnhzGbpxg&oe=65E812C2&_nc_sid=8b3546,True,,,
286342232,deliciouslyella,C1r7vIUIFlI,True,"Healthy Made Simple is out today! Changing my diet changed my life, it gave me my health back and ever since my mission has been to help more people to eat more plants more of the time. 

Healthy living should be joyful, colourful, abundant, flavoursome, and delicious üí´üå± It should also be easy, so that you can eat well all the time. So, every recipe has five promises:

1. It‚Äôll take 30 minutes or less.¬†
2. It‚Äôll contain fewer than 10 ingredients 
3. It‚Äôll have no more than 5 steps.‚Ä®4. It‚Äôll be healthy and packed with goodness.¬†
5. It‚Äôll be delicious

I‚Äôm so proud of this book and truly feel like the luckiest person in the world to have a platform that can make a difference to other peoples lives. Thank you for letting me do what I do and I really hope the ease and simplicity this book brings to your life makes all the difference üíû

It‚Äôs in all book shops and Amazon now üëèüèª Please let me know if yours has arrived!",273,8062,1704388760.0,,https://scontent-lhr6-2.cdninstagram.com/v/t51.2885-15/416087803_1178239946472700_1287156732577462588_n.jpg?stp=dst-jpg_e15_fr_p1080x1080&_nc_ht=scontent-lhr6-2.cdninstagram.com&_nc_cat=104&_nc_ohc=CjsQiO25CXsAX_a2ZZZ&edm=AOQ1c0wBAAAA&ccb=7-5&oh=00_AfDp0OJaYoc0_bpyndGpya4mm-s9c8j10PI5b20dOPan-Q&oe=65E565E2&_nc_sid=8b3546,False,deliciouslyella,2455296.0,596.0
506653291,sarahchapmanlondon,C3-llbsq71a,False,"‚ú® Competition time ‚ú®

By Women, Celebrating Women
 
This International Women‚Äôs Day, we‚Äôre proud to be collaborating with a powerhouse group of female founders to bring you a beautifully curated collection of products ‚Äì each one an ode to the women helping shape the future of business.
 
For a chance to win this luxurious edit worth over ¬£2,600 simply:
 
üíõ Follow every female-led brand involved
üíõ Like this post
üíõ Tag the women in your life who most inspire you and tell us (and them) why 
üíõ Share this post to your story for a bonus entry
 
Brands taking part:
@annoushkajewellery - 18ct gold diamond initial pendant
@deliciouslyella - signed new cookbook and ultimate snack hamper
@heidikleinswim ‚Äì Grace Bay Mini Raffia Bucket Bag
@jolovesofficial - Pomelo A Large Luxury Candle
@melissaodabash - White swimsuit and a hat
@mirrorwater.earth - SMOOTH Body Oil, RUB Solid Balm and notebook
@sarahchapmanlondon - ICONIC 60 minute facial & Icon Day and Icon Night
@slipsilkpillowcase - ¬£300 voucher
@thewhitecompany - Robe, cashmere bed socks & waffle slippers

Good luck!ü§©

Terms & Conditions:
To participate, you need to be aged 18 or older and reside in the UK. Winner will be selected at random and notified by direct message on Tuesday 12th March by Sarah Chapman. No purchase is necessary to enter or win. This competition is in no way endorsed, sponsored by or associated with Instagram.",990,2063,1709309609.0,,https://scontent-lhr8-2.cdninstagram.com/v/t51.2885-15/430438598_1132545557926009_8674926865084464550_n.jpg?stp=dst-jpg_e35&_nc_ht=scontent-lhr8-2.cdninstagram.com&_nc_cat=101&_nc_ohc=Ji_1Xi3k7OYAX9psQbP&edm=AOQ1c0wBAAAA&ccb=7-5&oh=00_AfBNpIRy8Kqy5iyxYrk4C_tbpzWTxKYLlcwNsSYjHIuJ5Q&oe=65E7DFC2&_nc_sid=8b3546,True,,,
1712682591,symproveyourlife,C34_YKXovlB,True,"Packed with plant protein, these sticky miso tofu bowls with peas, edamame and ginger are nourishing, flavoursome and super easy to make. Thanks @deliciouslyella. 

Ingredients¬†
2 servings of basmati rice, (about 100g / 3.5 oz) rinsed¬†
1 tablespoon olive oil¬†
Small chunk of ginger, (about 20g / 0.7 oz) cut into matchsticks/grated¬†
2 large cloves garlic, thinly sliced¬†
1 tablespoon tamari¬†
100g / ¬æ cup / 3.5 oz frozen peas, defrosted¬†
100g / ¬æ cup / 3.5 oz frozen edamame beans, defrosted¬†
Pinch of sea salt 

For the sticky tofu¬†
1 tablespoon olive oil¬†
1 block firm smoked tofu, (about 280g / 10 oz) drained & cut into bite-sized pieces¬†
1 tablespoon tamari¬†
2 tablespoons maple syrup¬†
2 tablespoons brown rice miso paste¬†
2 tablespoons rice wine vinegar 

Method¬† 

Pour the rice into a small saucepan, along with 200ml / 7 fl oz water and a large pinch of salt. Bring to the boil, then cover with a lid, reduce the heat to low and simmer for 10 minutes until all of the water has been absorbed. Remove from the heat and set aside.¬†
¬†
While the rice is cooking, warm 1 tablespoon of oil in a large frying pan set over medium‚Äìhigh heat. Add the tofu and cook for 10 minutes, stirring often, until crisp and golden on all sides.¬†
¬†
Next, whisk together 1 tablespoon tamari, the maple syrup, miso paste and rice wine vinegar. Once the tofu is cooked, pour the sauce into the pan and let it reduce to create a sticky sauce that coats the tofu. Remove the tofu from the pan and set aside on a plate.¬†
¬†
Pour 1 tablespoon of olive oil into the same pan, followed by the cooked rice, ginger and garlic. Fry for 5 minutes, until crisp, then stir in the tamari, peas, edamame beans and crispy tofu. Divide between 2 bowls and serve with your favourite crispy chilli oil/sauce. 

üîó Click the link in Symprove‚Äôs bio to dig in. 

#guthealth #gutmicrobiome #guthealthrecipes #plantbased",19,2474,1709121955.0,,https://scontent-lhr6-1.cdninstagram.com/v/t51.2885-15/430033900_363166420027930_4178041486934335251_n.jpg?stp=dst-jpg_e15&_nc_ht=scontent-lhr6-1.cdninstagram.com&_nc_cat=110&_nc_ohc=rB5bL1sSkiwAX8NJ7R2&edm=AOQ1c0wBAAAA&ccb=7-5&oh=00_AfDAgl70Bu79hBOvQ1m4XY8LZJtgw565PYodGvcX4axngw&oe=65E532A9&_nc_sid=8b3546,False,,,
573103668,deliscake,CsV4re3NI5C,False,"Perfectly golden ü´∂üèª

#sourdough #sourdoughbread #bread#food#amsterdam #homemade",26,653,1684321568.0,,https://instagram.fkiv3-1.fna.fbcdn.net/v/t51.2885-15/347129068_3507098902903296_834924089119858369_n.jpg?stp=dst-jpg_e35_p1080x1080&_nc_ht=instagram.fkiv3-1.fna.fbcdn.net&_nc_cat=100&_nc_ohc=CY_1aiVBBAAAX-Yx6NY&edm=AOQ1c0wBAAAA&ccb=7-5&oh=00_AfD4-iWucdPLC2f5pnqM_DVX117YUG5V9NyQTI4pYSAESA&oe=65E7A87F&_nc_sid=8b3546,False,deliscake,107406.0,57.0
2194358016,deporloversteam,CNXoYbfKxMd,True,"Te atreves con estos 3 ejercicios en casa? üí• 

üèÜ Fortalece tu abdomen completando 1 minuto de cada ejercicio

üî• Repite este circuito las veces que puedas!

#abdomen #abdominales #ejerciciosencasa #fitnessgirl #workoutathome",0,139,1617808156.0,,https://instagram.flba2-1.fna.fbcdn.net/v/t51.2885-15/169210174_146549870719080_7313170996462483236_n.jpg?stp=dst-jpg_e35&_nc_ht=instagram.flba2-1.fna.fbcdn.net&_nc_cat=100&_nc_ohc=kk8BH05SRkgAX-sRGaY&edm=AOQ1c0wBAAAA&ccb=7-5&oh=00_AfC_PlVtpQ6CYkj5Z_p3bOSihqn8-xhqnyRFgoy9HYzL0g&oe=65E56C33&_nc_sid=8b3546,False,deporloversteam,222414.0,140.0
9934791,der_landgraf,CmM3FA4rAy6,False,"one of a kind
üåÖ

#Mercedes #AMG #CLS #ShootingBrake #X218 #design #futureclassic #oneofakind #sundown #beach #nordsee #northsea #denmark #r√∏m√∏ #MeinMercedesBenz",25,916,1671133837.0,"{'id': '252083052', 'has_public_page': True, 'name': 'Lakolk Strand, R√∏m√∏', 'slug': 'lakolk-strand-rm'}",https://instagram.flba2-1.fna.fbcdn.net/v/t51.2885-15/320032961_695114182245997_7766467182022962381_n.jpg?stp=dst-jpg_e35_s1080x1080&_nc_ht=instagram.flba2-1.fna.fbcdn.net&_nc_cat=101&_nc_ohc=HCtC40tziw4AX9J2qXW&edm=AOQ1c0wBAAAA&ccb=7-5&oh=00_AfA9n38_J0DtgW72dSP-zU_E-7Em_MbuDkNtS-Kmp7Ui2g&oe=65E801B3&_nc_sid=8b3546,False,der_landgraf,154875.0,2451.0
233206014,designdecor,CHYygZsj97q,False,"Quem gosta de uma proposta mais escura? 
Projeto @depaulaenobrega",15,466,1604962100.0,"{'id': '213119086', 'has_public_page': True, 'name': 'Natal, Rio Grande do Norte', 'slug': 'natal-rio-grande-do-norte'}",https://instagram.flba2-1.fna.fbcdn.net/v/t51.2885-15/124472312_184900709850817_8994305396326157233_n.jpg?stp=dst-jpg_e35&_nc_ht=instagram.flba2-1.fna.fbcdn.net&_nc_cat=101&_nc_ohc=5aT4ZdBnbrUAX-KGS8k&edm=AOQ1c0wBAAAA&ccb=7-5&oh=00_AfAWKSI6jH8ICzqYgCBYgEUSwOAH-byDo3VIDnRWcEupOA&oe=65E8D9A7&_nc_sid=8b3546,False,designdecor,195094.0,834.0
2979242389,destinationwolf,Ceq2tTQOWQE,True,"Reality of Little Venice vs Instagram üòÖüòÖüòÖ

Tag your friend who is in love with Italy üáÆüáπ ‚¨áÔ∏è

Via @lokalturist 

#italy #destinationwolf #tourists #travel #igtraveller #travelholic #travellers #travelpic #mytravelgram #traveladdict #travelgram #traveler #explore #viral #vacationwolf #eurotrip #beatifouldestinations #earthpics #love #travelers",18,708,1654960535.0,,https://instagram.flhr13-1.fna.fbcdn.net/v/t51.2885-15/286978221_323052306696630_426778277691779729_n.jpg?stp=dst-jpg_e35_p1080x1080_sh0.08&_nc_ht=instagram.flhr13-1.fna.fbcdn.net&_nc_cat=106&_nc_ohc=9Ez44s9mgcAAX9yJmPX&edm=AOQ1c0wBAAAA&ccb=7-5&oh=00_AfBQE3g5DYxpDadXkzcIMCTrIVkFPJlTXp-XSXYn2fG9yg&oe=65E504AA&_nc_sid=8b3546,False,destinationwolf,351168.0,1.0
996122946,destination_wow,CUGoyUFJeiJ,False,"Lost in Glacier Park

#theadventurists",2,156,1632270311.0,"{'id': '213692596', 'has_public_page': True, 'name': 'Glacier National Park', 'slug': 'glacier-national-park'}",https://instagram.fcwb4-1.fna.fbcdn.net/v/t51.2885-15/242510486_3013634835516365_7524330494930134939_n.jpg?stp=dst-jpg_e35_s1080x1080&_nc_ht=instagram.fcwb4-1.fna.fbcdn.net&_nc_cat=105&_nc_ohc=4key4rNkJQkAX9ChlQv&edm=AOQ1c0wBAAAA&ccb=7-5&oh=00_AfCgSiewznDiwLLi6BqIx1mBpUFl6nfaR1L4iybetH0P5A&oe=65E933F9&_nc_sid=8b3546,False,destination_wow,127782.0,96.0
25074859,devanondeck,C30Q7XBpEUd,False,"Season 2 ùó°ùó¢ùó™ ùóüùóúùó©ùóò [www.ondeck‚Ä§la]

Introducing our soft-structured 6 panel cap, made from deeadstock vintage 90‚Äôs blanks. Would-be-discarded material reworked into a modern staple.

starring @ailrick.jr
shot by @mancygant 
styled from my closet
created @auteur.studios",488,4203,1708963234.0,"{'id': '1004701715', 'has_public_page': True, 'name': 'Shop Link in Bio', 'slug': 'shop-link-in-bio'}",https://instagram.fkiv3-1.fna.fbcdn.net/v/t51.2885-15/430133575_853544569862514_8201467535968357455_n.jpg?stp=dst-jpg_e35_p1080x1080&_nc_ht=instagram.fkiv3-1.fna.fbcdn.net&_nc_cat=106&_nc_ohc=eHcMKo_SagcAX_SBHLc&edm=AOQ1c0wBAAAA&ccb=7-5&oh=00_AfCfpY1DtVIBe27jWbDU6a-GNO8steguNIrygrY3oIPtig&oe=65E86B3A&_nc_sid=8b3546,True,devanondeck,545846.0,226.0
616063402,devourpower,C1HjQp2uGL8,True,"The BEST LASAGNA in NYC?! üçùüóΩü§§ The Lasagna Della Nonna from @marksoffmadison in the Flatiron District. Beautiful layers of bolognese ragu, b√©chamel, & parmesan cheese, slathered in creamy tomato sauce with a little pesto. Count me in 100% of the time! üëå #DEVOURPOWER",12375,1080114,1703168012.0,"{'id': '104040678234362', 'has_public_page': True, 'name': ""Mark's Off Madison"", 'slug': 'marks-off-madison'}",https://instagram.flba2-1.fna.fbcdn.net/v/t51.2885-15/412349449_1387899888599849_7614522018866095590_n.jpg?stp=dst-jpg_e15&_nc_ht=instagram.flba2-1.fna.fbcdn.net&_nc_cat=105&_nc_ohc=nfNrGozKw-EAX8ixAWZ&edm=AOQ1c0wBAAAA&ccb=7-5&oh=00_AfB7kI5gMCNft91thtf3lK0-19BuIti2Vl0Jyb_1jcgpww&oe=65E568CD&_nc_sid=8b3546,False,devourpower,1846940.0,1641.0
29440194,dguttenfelder,C3-XySxtj97,True,"Ukraine March 2024

(Kim Gordon on repeat. Her newest music, made at age 70) üî•",22,1587,1709302433.0,,https://scontent-lhr8-1.cdninstagram.com/v/t51.2885-15/431074571_413056337751247_1397677750213284311_n.jpg?stp=dst-jpg_e15&_nc_ht=scontent-lhr8-1.cdninstagram.com&_nc_cat=107&_nc_ohc=uYXHV3uFwP4AX8aEMgW&edm=AOQ1c0wBAAAA&ccb=7-5&oh=00_AfBB1g3mdjItUdMQ7qhoDYGvIvMaaK9appW3mhzv9w7zgQ&oe=65E549F2&_nc_sid=8b3546,False,dguttenfelder,1158533.0,4245.0
44662614,diegobarrueco,C3-zr-XNpEO,False,"‚ö™Ô∏è‚ö™Ô∏è‚ö™Ô∏èBLANKS, available on our website @almost____home",29,2736,1709317003.0,,https://scontent-lhr6-2.cdninstagram.com/v/t51.2885-15/430326395_943073150734840_4492644644565629411_n.jpg?stp=dst-jpg_e35_p1080x1080&_nc_ht=scontent-lhr6-2.cdninstagram.com&_nc_cat=104&_nc_ohc=JjctoFUloAsAX87I2HX&edm=AOQ1c0wBAAAA&ccb=7-5&oh=00_AfCmJ3wOc1QWsL5cbMomUP75Y3BTUVrqlXCrvGVwDA1FFg&oe=65E85E5C&_nc_sid=8b3546,True,diegobarrueco,459007.0,1417.0
188339161,digernes,BOfO_STl4ng,False,"After completing our trek in the Annapurna Range, we decided to fly over our trekking route to grasp the distance we traveled on foot.",89,5301,1482771792.0,"{'id': '251253525', 'has_public_page': True, 'name': 'Annapurna Range, Nepal', 'slug': 'annapurna-range-nepal'}",https://instagram.flhr13-1.fna.fbcdn.net/v/t51.2885-15/15625390_1710938279217113_5116248704663158784_n.jpg?stp=dst-jpg_e35_p1080x1080&_nc_ht=instagram.flhr13-1.fna.fbcdn.net&_nc_cat=105&_nc_ohc=bq9vk6TZ1_0AX8FZQcG&edm=AOQ1c0wBAAAA&ccb=7-5&oh=00_AfBuHznFmSXsOQv6WvDMjSoCIIRtyJzbdTxLEvCeWKI6SA&oe=65E87AD5&_nc_sid=8b3546,False,digernes,145186.0,320.0
521479580,vogueindia,Cj9zvWvLzZp,False,"‚ÄúIn the rest of the world, so many different forms of celebrity do exist. Let's just say things are changing. We are the pioneers of the new era and making way for a different kind of celebrity or role models here. And I think we're here to stay,‚Äù says #Vogue India‚Äôs #October digital cover star Diipa B√ºller-Khosla (@diipakhosla). Read the full interview at the link in bio. 

Photographer: Bikramjit Bose (@thebadlydrawnboy)
Head of Editorial Content: Megha Kapoor (@meghakapoor)
Stylist: Rupangi Grover (@rupangigrover)
Video: Kris Black (@krisblackk)
Art Direction: Aishwaryashree (@aishwaryashree)
Words by: Shriya Zamindar (@shriyazamindar)
Hair & Makeup Artist: Mitesh Rajani (@miteshrajani)
Bookings Editor: Savio Gerhart (@gerhartsavio)
Entertainment director: Megha Mehta (@magzmehta)
Blazer @rajeshpratapsinghworks. Shirt @massimodutti. Trousers @burberry. Necklace, rings; all @cartier",241,66716,1666333803.0,,https://instagram.fsvq2-1.fna.fbcdn.net/v/t51.2885-15/312063540_220050370349187_7962590473484699505_n.jpg?stp=dst-jpg_e15&_nc_ht=instagram.fsvq2-1.fna.fbcdn.net&_nc_cat=103&_nc_ohc=3l-VwJSGT_YAX-KkEsY&edm=AOQ1c0wBAAAA&ccb=7-5&oh=00_AfBpWaDUyMvkkxs-5tUzBJRvV0lszIOKTraRNE3fz-FXjA&oe=65E51879&_nc_sid=8b3546,True,,,
282004016,diipakhosla,C3NDlOHOH7e,True,"Grateful & honoured for the invitation to join the the 33rd Women in Business conference of THE Harvard Business School!!! @hbswomen @harvardhbs 

As any Indian girl my parents would have loved for me to attend Harvard, but life turned out differently‚Ä¶

Little did I know my baby @indewild would take me to speak at Harvard Business School to 900+ students of the MBA class.ü•π‚ô•Ô∏è",564,140617,1707648182.0,,https://instagram.fsvq2-2.fna.fbcdn.net/v/t51.2885-15/426175198_731955398911756_7541649282543470939_n.jpg?stp=dst-jpg_e15&_nc_ht=instagram.fsvq2-2.fna.fbcdn.net&_nc_cat=104&_nc_ohc=IZXSTmxZpCIAX9kS3hF&edm=AOQ1c0wBAAAA&ccb=7-5&oh=00_AfBLicorOdXImQL5he90Gyaa1ovmm_EaxEd6-5O4z9TyeA&oe=65E51DE7&_nc_sid=8b3546,False,diipakhosla,2105859.0,997.0
207401934,diogopicarra,C3-Pe2_Imxy,False,"üîπ 01.03.2024 ‚Äúacordei sentimental‚Ä¶sei que nunca estive s√≥.‚Äù üîπ SNTMNTL √© todo vosso, j√° dispon√≠vel em todas as plataformas üò≠üíî",208,7065,1709298021.0,,https://instagram.flba2-1.fna.fbcdn.net/v/t39.30808-6/428519425_18415705252041935_7364604764810055783_n.jpg?stp=dst-jpg_e35_s1080x1080_sh0.08&_nc_ht=instagram.flba2-1.fna.fbcdn.net&_nc_cat=111&_nc_ohc=9WyhpQNpah0AX80gWgl&edm=AOQ1c0wAAAAA&ccb=7-5&oh=00_AfDLT2vkScXoJWODlignLF2J7gSOYdTFJXBGXy57Rlh-hQ&oe=65E957ED&_nc_sid=8b3546,True,diogopicarra,646535.0,2225.0
32062007,disney_nuts,C0ScxLgLscx,False,"One from last night's visit to Epcot and loving the The Journey of Water Inspired by Moana area..
...
.
.
.
.
.

#Disney #DisneyWorld #DisneyParks #waltdisneyworld #Orlando #Florida #disneyphotography #experiencekissimmee #disneyresort #disney_nuts #disneynuts #thejourneyduo #mohana #journeyofwater #Epcot #disneynightpictures #disneyphotography #longexposure",43,13378,1701386141.0,"{'id': '159633136', 'has_public_page': True, 'name': 'EPCOT', 'slug': 'epcot'}",https://instagram.flhr13-1.fna.fbcdn.net/v/t39.30808-6/407264288_18411153355062008_6799881456309893452_n.jpg?stp=dst-jpg_e35_p1080x1080_sh0.08&_nc_ht=instagram.flhr13-1.fna.fbcdn.net&_nc_cat=108&_nc_ohc=HFEbZYwVuioAX9dI5ck&edm=AOQ1c0wAAAAA&ccb=7-5&oh=00_AfB2WBwu8ppP8UrcdNc0yO-0STq4406kN0dTJnYTp_kf5w&oe=65E8F6E1&_nc_sid=8b3546,False,disney_nuts,201557.0,925.0
22609132,doctor.mike,C30nfxqpYfP,True,Watch before you consider a ‚ÄúMedSpa‚Äù visit @thecheckuppodcast @beatriz.amma Thank you for sharing your story üôèüèºüëèüèº,524,35534,1708975383.0,"{'id': '212988663', 'has_public_page': True, 'name': 'New York, New York', 'slug': 'new-york-new-york'}",https://instagram.flhr13-1.fna.fbcdn.net/v/t51.2885-15/429915747_701186495540707_8182155958341077056_n.jpg?stp=dst-jpg_e15&_nc_ht=instagram.flhr13-1.fna.fbcdn.net&_nc_cat=107&_nc_ohc=GZpusYJNQBYAX_S-SGR&edm=AOQ1c0wBAAAA&ccb=7-5&oh=00_AfDkyYi_IOGRrb50VjrIoeafDeK_jUeWKO09ZiyfRVp-ow&oe=65E527AA&_nc_sid=8b3546,False,doctor.mike,4465420.0,675.0
57932761775,unplanned__podcast,C3xmNxUx4P3,True,Episode 55 with Dr.Mike is live! Available on all platforms! #unplannedpodcast,87,15758,1708873825.0,,https://instagram.flhr13-1.fna.fbcdn.net/v/t51.2885-15/429577586_385561527552144_7404887030713808466_n.jpg?stp=dst-jpg_e15&_nc_ht=instagram.flhr13-1.fna.fbcdn.net&_nc_cat=100&_nc_ohc=dS8-Yd6IbKcAX-VB05R&edm=AOQ1c0wBAAAA&ccb=7-5&oh=00_AfC3EW0T_GfGBwPA-nu3dgAwK47s6LA4wg9VPegwFK6CFQ&oe=65E586D6&_nc_sid=8b3546,False,,,
299371677,doentesporfutebol,C4B24q5LRzF,True,"O Santa Cruz venceu o Central por 1x0, garantiu vaga para a semifinal do Pernambucano e est√° de volta a S√©rie D em 2025.

O Arruda foi √† loucura!!!!!! 

üìπ Felipe Ruiz",75,2382,1709419350.0,,https://instagram.flba2-1.fna.fbcdn.net/v/t51.2885-15/430721747_429921656128463_8973819841977349736_n.jpg?stp=dst-jpg_e15&_nc_ht=instagram.flba2-1.fna.fbcdn.net&_nc_cat=111&_nc_ohc=V1hPBX-2oIQAX8fUd_5&edm=AOQ1c0wBAAAA&ccb=7-5&oh=00_AfBsh4yxH5pJMUJaJcJQP_Fl8Phul7dl_47C03TQBGHI3w&oe=65E540C2&_nc_sid=8b3546,False,doentesporfutebol,1704979.0,2554.0
29692335,doina,Cm_4oFPN49h,False,"The English version is now out on @voguefrance üçá Link in my bio ü´∂üèª Thank you @marie.perier for not just covering our special day, but also letting me spread the word about my little home country üá≤üá© 
üì∏ @arturroscolotenco",212,8977,1672845925.0,"{'id': '248082077', 'has_public_page': True, 'name': 'Et Cetera', 'slug': 'et-cetera'}",https://instagram.flba2-1.fna.fbcdn.net/v/t51.2885-15/323693762_858699291876044_2600418475671354485_n.jpg?stp=dst-jpg_e35_s1080x1080&_nc_ht=instagram.flba2-1.fna.fbcdn.net&_nc_cat=108&_nc_ohc=QMyPv1-ZyA0AX_ZiHFm&edm=AOQ1c0wBAAAA&ccb=7-5&oh=00_AfBdcLjDuZ9ChJzi1o0GWz-5sJqNemOdk6WRnxM7DnVlew&oe=65E83A68&_nc_sid=8b3546,True,doina,1384082.0,1070.0
298910286,donnahaymagazine,Cx95JtRLc16,True,"Super excited to share that my new book Even More Basics to Brilliance is on sale today! 
This book follows my favourite format - showing you all the tips, tricks and shortcuts to master a basic recipe followed by the simple switch-up to make one basic recipe even more brilliant! 
Some of my faves include my highly addictive crispy chilli oil, Asian beef short ribs, the most comforting mac and cheese plus the sweetness you need to add to your life - lemon drizzle cake, cinnamon scrolls and the silkiest chocolate mousse. I absolutely loved putting this book together so I hope you love it as much as I do. Tap the link in bio to shop. Happy Cooking! D.x

#cookbook",13,1114,1696401439.0,,https://scontent-lhr8-1.cdninstagram.com/v/t51.2885-15/418630425_1108642693655055_3844242501858928598_n.jpg?stp=dst-jpg_e15&_nc_ht=scontent-lhr8-1.cdninstagram.com&_nc_cat=103&_nc_ohc=f0M_1gk6a0QAX_B-NOA&edm=AOQ1c0wBAAAA&ccb=7-5&oh=00_AfB0_THO59ZJ6GaBf5z_dCdbEpwI-xiFdFTfat65F1wegw&oe=65E537C9&_nc_sid=8b3546,False,donnahaymagazine,447318.0,82.0
1843380,dotzsoh,C4AspWcP00t,True,"always love flying & exploring the world ‚ú®üåé‚úàÔ∏èüì∑ü•Ç‚ú® this time I recorded my journey with @insta360 Go3 on @turkishairlines flight up in the sky 
#insta360go3 #nomaskingtapeneeded #turkishairlines 

üéûÔ∏è @dotzsoh  @dotzsoh2 
#insta360 #insta360mysg #insta360sg #travelblogger #turkishairlinesbusinessclass",250,15821,1709380479.0,"{'id': '105565836144069', 'has_public_page': True, 'name': 'Singapore', 'slug': 'singapore'}",https://instagram.flba2-1.fna.fbcdn.net/v/t51.2885-15/430453742_1077312426840538_5724451821796994462_n.jpg?stp=dst-jpg_e35_p1080x1080_sh0.08&_nc_ht=instagram.flba2-1.fna.fbcdn.net&_nc_cat=110&_nc_ohc=quTsl2WRGBkAX8ikPsB&edm=AOQ1c0wBAAAA&ccb=7-5&oh=00_AfC3KN6mDCWmjmvME4PgcXviius-OANAaPH1x2sSgdGdIg&oe=65E53A64&_nc_sid=8b3546,False,dotzsoh,1222251.0,362.0
291322567,drewtrush,Cu65dPCgEq2,True,"Cat Nap.
‚Ä¢
Did you notice anything odd about this lion? üò≥
‚Ä¢
I get asked all the time whether or not I bait my camera traps. My answer is that if you can find a place that the animal wants to go naturally, you‚Äôre way better off than trying to convince a wild animal to go somewhere you want it to you. In this instance, if you can find where they want to sleep you know you‚Äôre onto something good.
‚Ä¢
#catsofinstagram #cats #lions #wildlifephotography #wildlifeplanet #nature #naturelovers",56,2444,1689858592.0,,https://instagram.fkiv3-1.fna.fbcdn.net/v/t51.2885-15/361614227_1312292346036153_5571147707214471379_n.jpg?stp=dst-jpg_e15&_nc_ht=instagram.fkiv3-1.fna.fbcdn.net&_nc_cat=109&_nc_ohc=smX5bjef1IQAX8zruWB&edm=AOQ1c0wBAAAA&ccb=7-5&oh=00_AfArHVwBMiZ5CmBlaIQPSVmgwnqB0AJp0TOL0Few0rfyRw&oe=65E58473&_nc_sid=8b3546,False,drewtrush,264357.0,0.0
15040709,dulceida,CplQd0hIxDO,False,"que bonita noche, nuestra noche, la de todos ü§ç @premiosidolo ü§ç Vestidazo como siempre de @zegarciaoficial ü´ß",767,92381,1678394905.0,,https://instagram.fkiv3-1.fna.fbcdn.net/v/t51.2885-15/334396018_1602787560143769_1737322185041379428_n.jpg?stp=dst-jpg_e35_p1080x1080&_nc_ht=instagram.fkiv3-1.fna.fbcdn.net&_nc_cat=109&_nc_ohc=z-RSDqVYDcwAX_rvp9a&edm=AOQ1c0wBAAAA&ccb=7-5&oh=00_AfCuuyEngfUk6MA5bMmpklBJ67EnaHpTWRCud8mL-TR24A&oe=65E7DF01&_nc_sid=8b3546,True,dulceida,3399895.0,966.0
530162190,dunk,C4Bfim_vNy7,False,who you got?ü´£ (via @zgvisualz),770,12720,1709407103.0,,https://instagram.flhr13-1.fna.fbcdn.net/v/t39.30808-6/428691710_18428869960050191_6053972703789231777_n.jpg?stp=dst-jpg_e35_p1080x1080_sh0.08&_nc_ht=instagram.flhr13-1.fna.fbcdn.net&_nc_cat=1&_nc_ohc=YCPjwZRsdiUAX9HL2Vo&edm=AOQ1c0wAAAAA&ccb=7-5&oh=00_AfAyQeLK0hLgRKRwsaFC3qn4gSD24FNls_LLZp4Oal1mkA&oe=65E81BC1&_nc_sid=8b3546,False,dunk,2949324.0,1643.0
187621798,eatandshout,_W_sn1HB-I,False,"‡∏î‡πâ‡∏ß‡∏¢‡∏Ñ‡∏ß‡∏≤‡∏°‡∏£‡∏±‡∏Å‡πÉ‡∏ô‡∏≠‡∏≤‡∏´‡∏≤‡∏£ (‡∏≠‡∏£‡πà‡∏≠‡∏¢) ‡πÅ‡∏•‡∏∞‡∏≠‡∏¢‡∏≤‡∏Å‡∏ö‡∏≠‡∏Å‡∏ï‡πà‡∏≠ @eatandshout ‡∏à‡∏∂‡∏á‡πÄ‡∏Å‡∏¥‡∏î‡∏Ç‡∏∂‡πâ‡∏ô‡πÄ‡∏°‡∏∑‡πà‡∏≠‡∏õ‡∏µ 2012 ‡πÇ‡∏î‡∏¢‡πÄ‡∏õ‡πá‡∏ô‡∏ó‡∏µ‡πà‡∏£‡∏π‡πâ‡∏à‡∏±‡∏Å‡∏Å‡∏±‡∏ô‡πÉ‡∏ô‡∏Å‡∏•‡∏∏‡πà‡∏°‡πÄ‡∏û‡∏∑‡πà‡∏≠‡∏ô‡πÄ‡∏•‡πá‡∏Å‡πÜ ‡πÅ‡∏•‡πâ‡∏ß‡∏Å‡πá‡πÄ‡∏£‡∏¥‡πà‡∏°‡∏°‡∏µ‡∏Ñ‡∏ô‡∏£‡∏π‡πâ‡∏à‡∏±‡∏Å‡πÅ‡∏•‡∏∞‡∏ï‡∏¥‡∏î‡∏ï‡∏≤‡∏°‡∏°‡∏≤‡∏Å‡∏Ç‡∏∂‡πâ‡∏ô‡πÄ‡∏£‡∏∑‡πà‡∏≠‡∏¢‡πÜ ‡∏à‡∏∂‡∏á‡∏Å‡∏•‡∏≤‡∏¢‡πÄ‡∏õ‡πá‡∏ô‡πÅ‡∏£‡∏á‡∏ú‡∏•‡∏±‡∏Å‡∏î‡∏±‡∏ô‡πÉ‡∏ô‡∏Å‡∏≤‡∏£‡∏Ñ‡πâ‡∏ô‡∏´‡∏≤‡∏≠‡∏≤‡∏´‡∏≤‡∏£‡∏≠‡∏£‡πà‡∏≠‡∏¢‡∏à‡∏≤‡∏Å‡∏ó‡∏±‡πà‡∏ß‡πÇ‡∏•‡∏Å‡∏°‡∏≤‡πÅ‡∏ö‡πà‡∏á‡∏õ‡∏±‡∏ô ‡∏à‡∏ô‡πÄ‡∏°‡∏∑‡πà‡∏≠‡∏™‡∏±‡∏õ‡∏î‡∏≤‡∏´‡πå‡∏Å‡πà‡∏≠‡∏ô Eat & Shout ‡πÑ‡∏î‡πâ‡∏Å‡πâ‡∏≤‡∏ß‡∏°‡∏≤‡πÑ‡∏Å‡∏•‡∏≠‡∏µ‡∏Å‡∏Ç‡∏±‡πâ‡∏ô ‡πÄ‡∏°‡∏∑‡πà‡∏≠‡πÑ‡∏î‡πâ‡∏£‡∏±‡∏ö‡∏£‡∏≤‡∏á‡∏ß‡∏±‡∏• üèÜ Top Food Influencer ‡∏à‡∏≤‡∏Å‡πÄ‡∏ß‡∏ó‡∏µ Influence Asia 2015 @influenceasia ‡πÄ‡∏£‡∏≤‡∏î‡∏µ‡πÉ‡∏à‡πÅ‡∏•‡∏∞‡∏†‡∏π‡∏°‡∏¥‡πÉ‡∏à‡∏°‡∏≤‡∏Å ‡∏ó‡∏µ‡πà‡∏°‡∏µ‡∏Ñ‡∏ô‡πÄ‡∏´‡πá‡∏ô‡∏Ñ‡∏ß‡∏≤‡∏°‡∏ï‡∏±‡πâ‡∏á‡πÉ‡∏à‡∏Ç‡∏≠‡∏á‡πÄ‡∏£‡∏≤ ‚ò∫Ô∏è
üç¥ Eat & Shout ‡∏à‡∏∞‡πÑ‡∏°‡πà‡∏°‡∏µ‡∏ó‡∏≤‡∏á‡∏Å‡πâ‡∏≤‡∏ß‡∏°‡∏≤‡πÑ‡∏î‡πâ‡πÑ‡∏Å‡∏•‡∏Ç‡∏ô‡∏≤‡∏î‡∏ô‡∏µ‡πâ‡∏´‡∏≤‡∏Å‡∏õ‡∏£‡∏≤‡∏®‡∏à‡∏≤‡∏Å‡∏Ñ‡∏£‡∏≠‡∏ö‡∏Ñ‡∏£‡∏±‡∏ß ‡πÄ‡∏û‡∏∑‡πà‡∏≠‡∏ô‡πÜ ‡∏ó‡∏µ‡πà‡∏°‡∏±‡∏Å‡∏ä‡∏ß‡∏ô‡∏Å‡∏±‡∏ô‡πÑ‡∏õ‡∏ä‡∏¥‡∏°‡∏≠‡∏≤‡∏´‡∏≤‡∏£‡∏≠‡∏£‡πà‡∏≠‡∏¢‡πÜ‡πÄ‡∏™‡∏°‡∏≠ ‡∏£‡∏ß‡∏°‡∏ñ‡∏∂‡∏á‡∏£‡πâ‡∏≤‡∏ô‡∏≠‡∏≤‡∏´‡∏≤‡∏£‡∏ï‡πà‡∏≤‡∏á‡πÜ ‡∏ó‡∏µ‡πà‡πÄ‡∏ä‡∏¥‡∏ç‡πÑ‡∏õ‡∏£‡∏µ‡∏ß‡∏¥‡∏ß ‡πÄ‡∏õ‡∏¥‡∏î‡πÇ‡∏•‡∏Å‡πÉ‡∏´‡πâ‡πÄ‡∏£‡∏≤‡∏£‡∏π‡πâ‡∏à‡∏±‡∏Å‡∏Å‡∏±‡∏ö‡∏≠‡∏≤‡∏´‡∏≤‡∏£‡∏ó‡∏µ‡πà‡∏´‡∏•‡∏≤‡∏Å‡∏´‡∏•‡∏≤‡∏¢‡∏°‡∏≤‡∏Å‡∏Ç‡∏∂‡πâ‡∏ô ‡∏ó‡∏µ‡πà‡∏™‡∏≥‡∏Ñ‡∏±‡∏ç‡∏ó‡∏µ‡πà‡∏™‡∏∏‡∏î‡∏Ñ‡∏∑‡∏≠ Follower ‡∏ó‡∏∏‡∏Å‡∏ó‡πà‡∏≤‡∏ô‡∏ó‡∏µ‡πà‡πÉ‡∏´‡πâ‡∏Å‡∏≤‡∏£‡∏™‡∏ô‡∏±‡∏ö‡∏™‡∏ô‡∏∏‡∏ô ‡∏£‡∏ß‡∏°‡∏ñ‡∏∂‡∏á‡∏ï‡∏≤‡∏°‡πÄ‡∏£‡∏≤‡πÑ‡∏õ‡∏ä‡∏¥‡∏° ‡∏Ç‡∏≠‡∏ö‡∏Ñ‡∏∏‡∏ì‡∏ó‡∏∏‡∏Å‡∏ó‡πà‡∏≤‡∏ô‡∏à‡∏≤‡∏Å‡πÉ‡∏à‡∏à‡∏£‡∏¥‡∏á‡∏Ñ‡πà‡∏∞ üòç ‡πÅ‡∏•‡∏∞‡∏ó‡∏µ‡πà‡∏•‡∏∑‡∏°‡πÑ‡∏°‡πà‡πÑ‡∏î‡πâ‡∏Ñ‡∏∑‡∏≠‡πÄ‡∏û‡∏∑‡πà‡∏≠‡∏ô‡∏£‡πà‡∏ß‡∏°‡∏≠‡∏∏‡∏î‡∏°‡∏Å‡∏≤‡∏£‡∏ì‡πå‡∏û‡∏µ‡πà @itan ‡πÅ‡∏•‡∏∞ @ppgallery ‡∏™‡∏≥‡∏´‡∏£‡∏±‡∏ö‡∏Å‡∏≥‡∏•‡∏±‡∏á‡πÉ‡∏à ‡∏Ñ‡∏≥‡πÅ‡∏ô‡∏∞‡∏ô‡∏≥‡∏ï‡πà‡∏≤‡∏á‡πÜ ‡πÅ‡∏•‡∏∞‡∏†‡∏≤‡∏û‡∏™‡∏ß‡∏¢‡πÜ ‡∏à‡∏≤‡∏Å‡πÉ‡∏ô‡∏á‡∏≤‡∏ô ‡∏Ç‡∏≠‡∏ö‡∏Ñ‡∏∏‡∏ì‡∏°‡∏≤‡∏Å‡∏Ñ‡πà‡∏∞ üòäüôè‚ù§Ô∏è
#eatandshout #Thailand #eatandshoutsg",100,1923,1450283084.0,"{'id': '1740420', 'has_public_page': True, 'name': 'Suntec Singapore Convention & Exhibition Centre', 'slug': 'suntec-singapore-convention-exhibition-centre'}",https://scontent-gru2-1.cdninstagram.com/v/t51.2885-15/12356413_1643622022567449_1385529305_n.jpg?stp=dst-jpg_e35&_nc_ht=scontent-gru2-1.cdninstagram.com&_nc_cat=109&_nc_ohc=iRPgefcsqmIAX_slmsO&edm=AOQ1c0wBAAAA&ccb=7-5&oh=00_AfCc0lfDezJBoX1FC7nhQp2JrJdT9rdSV-24vmm-6qepBA&oe=65E91F98&_nc_sid=8b3546,False,eatandshout,475224.0,326.0
57518009129,thestandard.life,Czff-gbLY2w,True,"‡πÄ‡∏°‡∏∑‡πà‡∏≠‡πÄ‡∏£‡∏≤‡∏´‡∏±‡∏ô‡πÑ‡∏õ‡∏ñ‡∏≤‡∏°‡∏ô‡∏±‡∏Å‡∏Å‡∏¥‡∏ô‡πÉ‡∏ô‡∏ß‡∏á‡∏Å‡∏≤‡∏£‡∏Ñ‡∏ô‡πÑ‡∏´‡∏ô‡∏ß‡πà‡∏≤‡∏à‡∏∞‡∏ä‡∏ß‡∏ô ‚Äò‡πÇ‡∏ö‡∏ß‡πå‡∏•‡∏¥‡πà‡∏á  Eat & Shout‚Äô ‡πÑ‡∏õ‡∏•‡∏∏‡∏¢‡∏Å‡∏¥‡∏ô‡∏≠‡∏∞‡πÑ‡∏£‡∏î‡∏µ ‡∏ó‡∏∏‡∏Å‡∏Ñ‡∏ô‡∏ï‡πà‡∏≤‡∏á‡∏û‡∏π‡∏î‡πÄ‡∏õ‡πá‡∏ô‡πÄ‡∏™‡∏µ‡∏¢‡∏á‡πÄ‡∏î‡∏µ‡∏¢‡∏ß‡∏Å‡∏±‡∏ô‡∏ß‡πà‡∏≤ ‚Äú‡∏Ñ‡∏ô‡∏ô‡∏µ‡πâ‡∏™‡∏≤‡∏¢‡πÄ‡∏ô‡∏∑‡πâ‡∏≠‡∏ï‡∏±‡∏ß‡∏à‡∏£‡∏¥‡∏á!‚Äù 

‡∏ß‡∏±‡∏ô‡∏ô‡∏µ‡πâ‡πÄ‡∏£‡∏≤‡∏à‡∏∂‡∏á‡∏à‡∏∞‡∏û‡∏≤‡πÑ‡∏õ‡∏î‡∏π‡∏Å‡∏±‡∏ô‡∏ß‡πà‡∏≤ ‡∏´‡∏≤‡∏Å‡∏°‡∏µ‡πÄ‡∏ß‡∏•‡∏≤‡πÄ‡∏û‡∏µ‡∏¢‡∏á 4 ‡∏ä‡∏±‡πà‡∏ß‡πÇ‡∏°‡∏á ‡πÇ‡∏ö‡∏ß‡πå‡∏•‡∏¥‡πà‡∏á-‡∏ä‡∏•‡∏ó‡∏¥‡∏û‡∏¢‡πå ‡∏£‡∏∞‡∏¢‡∏≤‡∏°‡∏≤‡∏® ‡∏à‡∏∞‡πÄ‡∏•‡∏∑‡∏≠‡∏Å‡∏û‡∏∏‡πà‡∏á‡πÑ‡∏õ‡∏ô‡∏±‡πà‡∏á‡∏Å‡∏¥‡∏ô‡πÄ‡∏ô‡∏∑‡πâ‡∏≠‡∏ó‡∏µ‡πà‡∏£‡πâ‡∏≤‡∏ô‡πÑ‡∏´‡∏ô‡∏ö‡πâ‡∏≤‡∏á ‡πÉ‡∏ô ‚Äò4 HOURS LIFE with ‡πÇ‡∏ö‡∏ß‡πå‡∏•‡∏¥‡πà‡∏á Eat & Shout‚Äô ‡∏Å‡∏±‡∏ö 11 ‡∏£‡πâ‡∏≤‡∏ô‡πÄ‡∏ô‡∏∑‡πâ‡∏≠‡∏ó‡∏µ‡πà‡∏≠‡∏¢‡∏≤‡∏Å‡πÅ‡∏ô‡∏∞‡∏ô‡∏≥‡∏™‡∏≥‡∏´‡∏£‡∏±‡∏ö‡∏™‡∏≤‡∏¢ Beef Lover!

(‡∏≠‡πà‡∏≤‡∏ô‡∏ö‡∏ó‡∏Ñ‡∏ß‡∏≤‡∏°‡∏â‡∏ö‡∏±‡∏ö‡πÄ‡∏ï‡πá‡∏°‡πÑ‡∏î‡πâ‡∏ö‡∏ô‡πÄ‡∏ß‡πá‡∏ö‡πÑ‡∏ã‡∏ï‡πå ‡∏Ñ‡∏•‡∏¥‡∏Å‡∏•‡∏¥‡∏á‡∏Å‡πå‡∏ö‡∏ô Bio)

#4HOURS #THESTANDARDLIFE #THEURBANGUIDETOWELLBEING #eatandshout #‡∏û‡∏µ‡πà‡πÄ‡∏ä‡∏≤‡∏ó‡πå‡∏û‡∏≤‡∏Å‡∏¥‡∏ô‡∏û‡∏≤‡πÄ‡∏ó‡∏µ‡πà‡∏¢‡∏ß",11,909,1699676686.0,,https://scontent-gru2-2.cdninstagram.com/v/t51.2885-15/400775244_356665523508138_1408810427669086656_n.jpg?stp=dst-jpg_e15_fr_p1080x1080&_nc_ht=scontent-gru2-2.cdninstagram.com&_nc_cat=106&_nc_ohc=4umsfASbs_MAX9pqKbc&edm=AOQ1c0wBAAAA&ccb=7-5&oh=00_AfDgu8hwvQORfPiywCEEOmHWOJ_m2Y4JfyPdO8PZ1Y5keg&oe=65E5775F&_nc_sid=8b3546,False,,,
289386673,eatfamous,CqlgAZJppks,True,"Are you looking for some of the best BBQ on the planet? Then you need to take a trip to Houston, Texas. Now Houston has deep BBQ roots and is even noted as the birthplace of brisket, so you already know there are going to be a bunch of BBQ spots claiming to wear the crown at every turn. So to help you navigate your trip to H-Town here were some of my favourites spots, and menu items. Huge shoutout to the @visit_houston team for helping me explore this food lover‚Äôs heaven on earth. And thanks to @thecuriouscreature for taking on this task with me and keeping up at every tray lol.
Also thanks to all of the BBQ spots who welcomed us with open arms and sent me home with a full belly! 

Did I miss any spots? What‚Äôs your favourite BBQ spot in Houston? 
1) @truth_bbq 
2) @killensbbq 
3) @bloodbrosbbq 
4) @gatlinsbarbecue 
5) @thepitroom",2754,117931,1680551272.0,"{'id': '212962809', 'has_public_page': True, 'name': 'Houston, Texas', 'slug': 'houston-texas'}",https://instagram.flhr13-1.fna.fbcdn.net/v/t51.2885-15/339321577_3489750781347932_6614630066933745715_n.jpg?stp=dst-jpg_e15_fr_p1080x1080&_nc_ht=instagram.flhr13-1.fna.fbcdn.net&_nc_cat=108&_nc_ohc=yAuvG9y04ugAX_nFB8h&edm=AOQ1c0wBAAAA&ccb=7-5&oh=00_AfC7EXveJb4j9MjpaKjOLkweY7YSC9Ksf32_M6EdQvJa4Q&oe=65E51921&_nc_sid=8b3546,False,eatfamous,282473.0,3135.0
60000249142,thegoodstuffctv,C3GWTDTOVDt,True,"@misslikklemores is Toronto‚Äôs first haute Caribbean-influenced experience. ‚ú® @eatfamous and @mary_berg3 share their delicious and unique lobster chow mein. ü¶û

#MissLikklemores #TorontoRestaurants
#eatfamous",54,516,1707422616.0,,https://instagram.flhr13-1.fna.fbcdn.net/v/t51.2885-15/425947208_274340152168507_2769873900533611367_n.jpg?stp=dst-jpg_e15_fr_p1080x1080&_nc_ht=instagram.flhr13-1.fna.fbcdn.net&_nc_cat=107&_nc_ohc=-Mrmh46m1F4AX9iEXGn&edm=AOQ1c0wBAAAA&ccb=7-5&oh=00_AfA0Epy5Eu_m_gbqviFMxm8llfcgdFA6LL_1QzyTNb_eqg&oe=65E51861&_nc_sid=8b3546,False,,,
931175774,eatingnyc,C38Y0R1xouq,True,You better believe we did that bang bang too. Stay tuned for part ‚úåÔ∏è#eatingnyc #postcard #glutenfree #glutenfreebakery #fruitsando #eggsando #katsu,15,370,1709235826.0,"{'id': '111524370253665', 'has_public_page': True, 'name': 'Nami Nori', 'slug': 'nami-nori'}",https://instagram.flba2-1.fna.fbcdn.net/v/t51.2885-15/430154043_1623244538483320_9117099548702708944_n.jpg?stp=dst-jpg_e15&_nc_ht=instagram.flba2-1.fna.fbcdn.net&_nc_cat=104&_nc_ohc=Fhm8R4nwmekAX_x3xp8&edm=AOQ1c0wBAAAA&ccb=7-5&oh=00_AfD1LNUuU8-Up1FnmBRtzvCZnhxyxqDFro8bz1xueN8ddQ&oe=65E570AB&_nc_sid=8b3546,False,eatingnyc,308500.0,762.0
362444792,eddypinto_,C29p0VKKHWK,False,Last day of hunting season ü™∂,3,86,1707130790.0,"{'id': '294066332', 'has_public_page': True, 'name': 'Montenero Val Cocchiara', 'slug': 'montenero-val-cocchiara'}",https://instagram.flba2-1.fna.fbcdn.net/v/t51.2885-15/424953809_3657362297878224_6985851023517279291_n.jpg?stp=dst-jpg_e15_fr_p1080x1080&_nc_ht=instagram.flba2-1.fna.fbcdn.net&_nc_cat=100&_nc_ohc=UypsBzdK9NsAX8INYTA&edm=AOQ1c0wBAAAA&ccb=7-5&oh=00_AfDV19eU6tnz43CVWGPakMKMRwj_biORKgHXdlwUdEJkmg&oe=65E5195D&_nc_sid=8b3546,True,eddypinto_,238664.0,4576.0
9441276345,bunker.depot,C2h8PC8op_M,True,"Chain stitch ‚õìÔ∏èü´° 
Felici di annunciarvi che da ora in poi i nostri jeans #levis  avranno l‚Äôorlo originale con la catenella ,mai pi√π orli brutti e jeans lunghi , da oggi tutto su misura ü´°
Presto offriremo  il servizio di rifacimento dell orlo e della lunghezza dei vostri jeans ü´°ü´°ü´°",2,120,1706201153.0,,https://instagram.flba2-1.fna.fbcdn.net/v/t51.2885-15/420887530_2302992249890933_4289792670608946751_n.jpg?stp=dst-jpg_e15_fr_p1080x1080&_nc_ht=instagram.flba2-1.fna.fbcdn.net&_nc_cat=105&_nc_ohc=esQNCiC53BcAX8jcOGr&edm=AOQ1c0wBAAAA&ccb=7-5&oh=00_AfBojD8-FV4JL84EGEGsH9R9ZvVZjw4g9qfyy6icRuM1_Q&oe=65E58670&_nc_sid=8b3546,False,,,
